filename,label,category
aloevera\aloevera0.jpg,aloevera,0
aloevera\aloevera1.jpg,aloevera,0
aloevera\aloevera10.jpg,aloevera,0
aloevera\aloevera100.jpg,aloevera,0
aloevera\aloevera101.jpg,aloevera,0
aloevera\aloevera102.jpg,aloevera,0
aloevera\aloevera103.jpg,aloevera,0
aloevera\aloevera104.jpg,aloevera,0
aloevera\aloevera105.jpg,aloevera,0
aloevera\aloevera106.jpg,aloevera,0
aloevera\aloevera107.jpg,aloevera,0
aloevera\aloevera108.jpg,aloevera,0
aloevera\aloevera109.jpg,aloevera,0
aloevera\aloevera11.jpg,aloevera,0
aloevera\aloevera110.jpg,aloevera,0
aloevera\aloevera111.jpg,aloevera,0
aloevera\aloevera112.jpg,aloevera,0
aloevera\aloevera113.jpg,aloevera,0
aloevera\aloevera114.jpg,aloevera,0
aloevera\aloevera115.jpg,aloevera,0
aloevera\aloevera116.jpg,aloevera,0
aloevera\aloevera117.jpg,aloevera,0
aloevera\aloevera118.jpg,aloevera,0
aloevera\aloevera119.jpg,aloevera,0
aloevera\aloevera12.jpg,aloevera,0
aloevera\aloevera120.jpg,aloevera,0
aloevera\aloevera121.jpg,aloevera,0
aloevera\aloevera122.jpg,aloevera,0
aloevera\aloevera123.jpg,aloevera,0
aloevera\aloevera124.jpg,aloevera,0
aloevera\aloevera125.jpg,aloevera,0
aloevera\aloevera126.jpg,aloevera,0
aloevera\aloevera127.jpg,aloevera,0
aloevera\aloevera128.jpg,aloevera,0
aloevera\aloevera129.jpg,aloevera,0
aloevera\aloevera13.jpg,aloevera,0
aloevera\aloevera130.jpg,aloevera,0
aloevera\aloevera131.jpg,aloevera,0
aloevera\aloevera132.jpg,aloevera,0
aloevera\aloevera133.jpg,aloevera,0
aloevera\aloevera134.jpg,aloevera,0
aloevera\aloevera135.jpg,aloevera,0
aloevera\aloevera136.jpg,aloevera,0
aloevera\aloevera137.jpg,aloevera,0
aloevera\aloevera138.jpg,aloevera,0
aloevera\aloevera139.jpg,aloevera,0
aloevera\aloevera14.jpg,aloevera,0
aloevera\aloevera140.jpg,aloevera,0
aloevera\aloevera141.jpg,aloevera,0
aloevera\aloevera142.jpg,aloevera,0
aloevera\aloevera143.jpg,aloevera,0
aloevera\aloevera144.jpg,aloevera,0
aloevera\aloevera145.jpg,aloevera,0
aloevera\aloevera146.jpg,aloevera,0
aloevera\aloevera147.jpg,aloevera,0
aloevera\aloevera148.jpg,aloevera,0
aloevera\aloevera149.jpg,aloevera,0
aloevera\aloevera15.jpg,aloevera,0
aloevera\aloevera150.jpg,aloevera,0
aloevera\aloevera151.jpg,aloevera,0
aloevera\aloevera152.jpg,aloevera,0
aloevera\aloevera153.jpg,aloevera,0
aloevera\aloevera154.jpg,aloevera,0
aloevera\aloevera155.jpg,aloevera,0
aloevera\aloevera156.jpg,aloevera,0
aloevera\aloevera157.jpg,aloevera,0
aloevera\aloevera158.jpg,aloevera,0
aloevera\aloevera159.jpg,aloevera,0
aloevera\aloevera16.jpg,aloevera,0
aloevera\aloevera160.jpg,aloevera,0
aloevera\aloevera161.jpg,aloevera,0
aloevera\aloevera162.jpg,aloevera,0
aloevera\aloevera163.jpg,aloevera,0
aloevera\aloevera164.jpg,aloevera,0
aloevera\aloevera165.jpg,aloevera,0
aloevera\aloevera166.jpg,aloevera,0
aloevera\aloevera167.jpg,aloevera,0
aloevera\aloevera168.jpg,aloevera,0
aloevera\aloevera169.jpg,aloevera,0
aloevera\aloevera17.jpg,aloevera,0
aloevera\aloevera170.jpg,aloevera,0
aloevera\aloevera171.jpg,aloevera,0
aloevera\aloevera172.jpg,aloevera,0
aloevera\aloevera173.jpg,aloevera,0
aloevera\aloevera174.jpg,aloevera,0
aloevera\aloevera175.jpg,aloevera,0
aloevera\aloevera176.jpg,aloevera,0
aloevera\aloevera177.jpg,aloevera,0
aloevera\aloevera178.jpg,aloevera,0
aloevera\aloevera179.jpg,aloevera,0
aloevera\aloevera18.jpg,aloevera,0
aloevera\aloevera180.jpg,aloevera,0
aloevera\aloevera181.jpg,aloevera,0
aloevera\aloevera182.jpg,aloevera,0
aloevera\aloevera183.jpg,aloevera,0
aloevera\aloevera184.jpg,aloevera,0
aloevera\aloevera185.jpg,aloevera,0
aloevera\aloevera186.jpg,aloevera,0
aloevera\aloevera187.jpg,aloevera,0
aloevera\aloevera188.jpg,aloevera,0
aloevera\aloevera189.jpg,aloevera,0
aloevera\aloevera19.jpg,aloevera,0
aloevera\aloevera190.jpg,aloevera,0
aloevera\aloevera191.jpg,aloevera,0
aloevera\aloevera192.jpg,aloevera,0
aloevera\aloevera193.jpg,aloevera,0
aloevera\aloevera194.jpg,aloevera,0
aloevera\aloevera195.jpg,aloevera,0
aloevera\aloevera196.jpg,aloevera,0
aloevera\aloevera197.jpg,aloevera,0
aloevera\aloevera198.jpg,aloevera,0
aloevera\aloevera199.jpg,aloevera,0
aloevera\aloevera2.jpg,aloevera,0
aloevera\aloevera20.jpg,aloevera,0
aloevera\aloevera200.jpg,aloevera,0
aloevera\aloevera201.jpg,aloevera,0
aloevera\aloevera202.jpg,aloevera,0
aloevera\aloevera203.jpg,aloevera,0
aloevera\aloevera204.jpg,aloevera,0
aloevera\aloevera205.jpg,aloevera,0
aloevera\aloevera206.jpg,aloevera,0
aloevera\aloevera207.jpg,aloevera,0
aloevera\aloevera208.jpg,aloevera,0
aloevera\aloevera209.jpg,aloevera,0
aloevera\aloevera21.jpg,aloevera,0
aloevera\aloevera210.jpg,aloevera,0
aloevera\aloevera211.jpg,aloevera,0
aloevera\aloevera212.jpg,aloevera,0
aloevera\aloevera213.jpg,aloevera,0
aloevera\aloevera214.jpg,aloevera,0
aloevera\aloevera215.jpg,aloevera,0
aloevera\aloevera216.jpg,aloevera,0
aloevera\aloevera217.jpg,aloevera,0
aloevera\aloevera218.jpg,aloevera,0
aloevera\aloevera219.jpg,aloevera,0
aloevera\aloevera22.jpg,aloevera,0
aloevera\aloevera220.jpg,aloevera,0
aloevera\aloevera221.jpg,aloevera,0
aloevera\aloevera222.jpg,aloevera,0
aloevera\aloevera223.jpg,aloevera,0
aloevera\aloevera224.jpg,aloevera,0
aloevera\aloevera225.jpg,aloevera,0
aloevera\aloevera226.jpg,aloevera,0
aloevera\aloevera227.jpg,aloevera,0
aloevera\aloevera228.jpg,aloevera,0
aloevera\aloevera229.jpg,aloevera,0
aloevera\aloevera23.jpg,aloevera,0
aloevera\aloevera230.jpg,aloevera,0
aloevera\aloevera231.jpg,aloevera,0
aloevera\aloevera232.jpg,aloevera,0
aloevera\aloevera233.jpg,aloevera,0
aloevera\aloevera234.jpg,aloevera,0
aloevera\aloevera235.jpg,aloevera,0
aloevera\aloevera236.jpg,aloevera,0
aloevera\aloevera237.jpg,aloevera,0
aloevera\aloevera238.jpg,aloevera,0
aloevera\aloevera239.jpg,aloevera,0
aloevera\aloevera24.jpg,aloevera,0
aloevera\aloevera240.jpg,aloevera,0
aloevera\aloevera241.jpg,aloevera,0
aloevera\aloevera242.jpg,aloevera,0
aloevera\aloevera243.jpg,aloevera,0
aloevera\aloevera244.jpg,aloevera,0
aloevera\aloevera245.jpg,aloevera,0
aloevera\aloevera246.jpg,aloevera,0
aloevera\aloevera247.jpg,aloevera,0
aloevera\aloevera248.jpg,aloevera,0
aloevera\aloevera249.jpg,aloevera,0
aloevera\aloevera25.jpg,aloevera,0
aloevera\aloevera250.jpg,aloevera,0
aloevera\aloevera251.jpg,aloevera,0
aloevera\aloevera252.jpg,aloevera,0
aloevera\aloevera253.jpg,aloevera,0
aloevera\aloevera254.jpg,aloevera,0
aloevera\aloevera255.jpg,aloevera,0
aloevera\aloevera256.jpg,aloevera,0
aloevera\aloevera257.jpg,aloevera,0
aloevera\aloevera258.jpg,aloevera,0
aloevera\aloevera259.jpg,aloevera,0
aloevera\aloevera26.jpg,aloevera,0
aloevera\aloevera260.jpg,aloevera,0
aloevera\aloevera261.jpg,aloevera,0
aloevera\aloevera262.jpg,aloevera,0
aloevera\aloevera263.jpg,aloevera,0
aloevera\aloevera264.jpg,aloevera,0
aloevera\aloevera265.jpg,aloevera,0
aloevera\aloevera266.jpg,aloevera,0
aloevera\aloevera267.jpg,aloevera,0
aloevera\aloevera268.jpg,aloevera,0
aloevera\aloevera269.jpg,aloevera,0
aloevera\aloevera27.jpg,aloevera,0
aloevera\aloevera270.jpg,aloevera,0
aloevera\aloevera271.jpg,aloevera,0
aloevera\aloevera272.jpg,aloevera,0
aloevera\aloevera273.jpg,aloevera,0
aloevera\aloevera274.jpg,aloevera,0
aloevera\aloevera275.jpg,aloevera,0
aloevera\aloevera276.jpg,aloevera,0
aloevera\aloevera277.jpg,aloevera,0
aloevera\aloevera278.jpg,aloevera,0
aloevera\aloevera279.jpg,aloevera,0
aloevera\aloevera28.jpg,aloevera,0
aloevera\aloevera280.jpg,aloevera,0
aloevera\aloevera281.jpg,aloevera,0
aloevera\aloevera282.jpg,aloevera,0
aloevera\aloevera283.jpg,aloevera,0
aloevera\aloevera284.jpg,aloevera,0
aloevera\aloevera285.jpg,aloevera,0
aloevera\aloevera286.jpg,aloevera,0
aloevera\aloevera287.jpg,aloevera,0
aloevera\aloevera288.jpg,aloevera,0
aloevera\aloevera289.jpg,aloevera,0
aloevera\aloevera29.jpg,aloevera,0
aloevera\aloevera290.jpg,aloevera,0
aloevera\aloevera291.jpg,aloevera,0
aloevera\aloevera292.jpg,aloevera,0
aloevera\aloevera293.jpg,aloevera,0
aloevera\aloevera294.jpg,aloevera,0
aloevera\aloevera295.jpg,aloevera,0
aloevera\aloevera296.jpg,aloevera,0
aloevera\aloevera297.jpg,aloevera,0
aloevera\aloevera298.jpg,aloevera,0
aloevera\aloevera299.jpg,aloevera,0
aloevera\aloevera3.jpg,aloevera,0
aloevera\aloevera30.jpg,aloevera,0
aloevera\aloevera300.jpg,aloevera,0
aloevera\aloevera301.jpg,aloevera,0
aloevera\aloevera302.jpg,aloevera,0
aloevera\aloevera303.jpg,aloevera,0
aloevera\aloevera304.jpg,aloevera,0
aloevera\aloevera305.jpg,aloevera,0
aloevera\aloevera306.jpg,aloevera,0
aloevera\aloevera307.jpg,aloevera,0
aloevera\aloevera308.jpg,aloevera,0
aloevera\aloevera309.jpg,aloevera,0
aloevera\aloevera31.jpg,aloevera,0
aloevera\aloevera310.jpg,aloevera,0
aloevera\aloevera311.jpg,aloevera,0
aloevera\aloevera312.jpg,aloevera,0
aloevera\aloevera313.jpg,aloevera,0
aloevera\aloevera314.jpg,aloevera,0
aloevera\aloevera315.jpg,aloevera,0
aloevera\aloevera316.jpg,aloevera,0
aloevera\aloevera317.jpg,aloevera,0
aloevera\aloevera318.jpg,aloevera,0
aloevera\aloevera319.jpg,aloevera,0
aloevera\aloevera32.jpg,aloevera,0
aloevera\aloevera320.jpg,aloevera,0
aloevera\aloevera321.jpg,aloevera,0
aloevera\aloevera322.jpg,aloevera,0
aloevera\aloevera323.jpg,aloevera,0
aloevera\aloevera324.jpg,aloevera,0
aloevera\aloevera325.jpg,aloevera,0
aloevera\aloevera326.jpg,aloevera,0
aloevera\aloevera327.jpg,aloevera,0
aloevera\aloevera328.jpg,aloevera,0
aloevera\aloevera329.jpg,aloevera,0
aloevera\aloevera33.jpg,aloevera,0
aloevera\aloevera330.jpg,aloevera,0
aloevera\aloevera331.jpg,aloevera,0
aloevera\aloevera332.jpg,aloevera,0
aloevera\aloevera333.jpg,aloevera,0
aloevera\aloevera334.jpg,aloevera,0
aloevera\aloevera335.jpg,aloevera,0
aloevera\aloevera336.jpg,aloevera,0
aloevera\aloevera337.jpg,aloevera,0
aloevera\aloevera338.jpg,aloevera,0
aloevera\aloevera339.jpg,aloevera,0
aloevera\aloevera34.jpg,aloevera,0
aloevera\aloevera340.jpg,aloevera,0
aloevera\aloevera341.jpg,aloevera,0
aloevera\aloevera342.jpg,aloevera,0
aloevera\aloevera343.jpg,aloevera,0
aloevera\aloevera344.jpg,aloevera,0
aloevera\aloevera345.jpg,aloevera,0
aloevera\aloevera346.jpg,aloevera,0
aloevera\aloevera347.jpg,aloevera,0
aloevera\aloevera348.jpg,aloevera,0
aloevera\aloevera349.jpg,aloevera,0
aloevera\aloevera35.jpg,aloevera,0
aloevera\aloevera350.jpg,aloevera,0
aloevera\aloevera351.jpg,aloevera,0
aloevera\aloevera352.jpg,aloevera,0
aloevera\aloevera353.jpg,aloevera,0
aloevera\aloevera354.jpg,aloevera,0
aloevera\aloevera355.jpg,aloevera,0
aloevera\aloevera356.jpg,aloevera,0
aloevera\aloevera357.jpg,aloevera,0
aloevera\aloevera358.jpg,aloevera,0
aloevera\aloevera359.jpg,aloevera,0
aloevera\aloevera36.jpg,aloevera,0
aloevera\aloevera360.jpg,aloevera,0
aloevera\aloevera361.jpg,aloevera,0
aloevera\aloevera362.jpg,aloevera,0
aloevera\aloevera363.jpg,aloevera,0
aloevera\aloevera364.jpg,aloevera,0
aloevera\aloevera365.jpg,aloevera,0
aloevera\aloevera366.jpg,aloevera,0
aloevera\aloevera367.jpg,aloevera,0
aloevera\aloevera368.jpg,aloevera,0
aloevera\aloevera369.jpg,aloevera,0
aloevera\aloevera37.jpg,aloevera,0
aloevera\aloevera370.jpg,aloevera,0
aloevera\aloevera371.jpg,aloevera,0
aloevera\aloevera372.jpg,aloevera,0
aloevera\aloevera373.jpg,aloevera,0
aloevera\aloevera374.jpg,aloevera,0
aloevera\aloevera375.jpg,aloevera,0
aloevera\aloevera376.jpg,aloevera,0
aloevera\aloevera377.jpg,aloevera,0
aloevera\aloevera378.jpg,aloevera,0
aloevera\aloevera379.jpg,aloevera,0
aloevera\aloevera38.jpg,aloevera,0
aloevera\aloevera380.jpg,aloevera,0
aloevera\aloevera381.jpg,aloevera,0
aloevera\aloevera382.jpg,aloevera,0
aloevera\aloevera383.jpg,aloevera,0
aloevera\aloevera384.jpg,aloevera,0
aloevera\aloevera385.jpg,aloevera,0
aloevera\aloevera386.jpg,aloevera,0
aloevera\aloevera387.jpg,aloevera,0
aloevera\aloevera388.jpg,aloevera,0
aloevera\aloevera389.jpg,aloevera,0
aloevera\aloevera39.jpg,aloevera,0
aloevera\aloevera390.jpg,aloevera,0
aloevera\aloevera391.jpg,aloevera,0
aloevera\aloevera392.jpg,aloevera,0
aloevera\aloevera393.jpg,aloevera,0
aloevera\aloevera394.jpg,aloevera,0
aloevera\aloevera395.jpg,aloevera,0
aloevera\aloevera396.jpg,aloevera,0
aloevera\aloevera397.jpg,aloevera,0
aloevera\aloevera398.jpg,aloevera,0
aloevera\aloevera399.jpg,aloevera,0
aloevera\aloevera4.jpg,aloevera,0
aloevera\aloevera40.jpg,aloevera,0
aloevera\aloevera400.jpg,aloevera,0
aloevera\aloevera401.jpg,aloevera,0
aloevera\aloevera402.jpg,aloevera,0
aloevera\aloevera403.jpg,aloevera,0
aloevera\aloevera404.jpg,aloevera,0
aloevera\aloevera405.jpg,aloevera,0
aloevera\aloevera406.jpg,aloevera,0
aloevera\aloevera407.jpg,aloevera,0
aloevera\aloevera408.jpg,aloevera,0
aloevera\aloevera409.jpg,aloevera,0
aloevera\aloevera41.jpg,aloevera,0
aloevera\aloevera410.jpg,aloevera,0
aloevera\aloevera411.jpg,aloevera,0
aloevera\aloevera412.jpg,aloevera,0
aloevera\aloevera413.jpg,aloevera,0
aloevera\aloevera414.jpg,aloevera,0
aloevera\aloevera415.jpg,aloevera,0
aloevera\aloevera416.jpg,aloevera,0
aloevera\aloevera417.jpg,aloevera,0
aloevera\aloevera418.jpg,aloevera,0
aloevera\aloevera419.jpg,aloevera,0
aloevera\aloevera42.jpg,aloevera,0
aloevera\aloevera420.jpg,aloevera,0
aloevera\aloevera421.jpg,aloevera,0
aloevera\aloevera422.jpg,aloevera,0
aloevera\aloevera423.jpg,aloevera,0
aloevera\aloevera424.jpg,aloevera,0
aloevera\aloevera425.jpg,aloevera,0
aloevera\aloevera426.jpg,aloevera,0
aloevera\aloevera427.jpg,aloevera,0
aloevera\aloevera428.jpg,aloevera,0
aloevera\aloevera429.jpg,aloevera,0
aloevera\aloevera43.jpg,aloevera,0
aloevera\aloevera430.jpg,aloevera,0
aloevera\aloevera431.jpg,aloevera,0
aloevera\aloevera432.jpg,aloevera,0
aloevera\aloevera433.jpg,aloevera,0
aloevera\aloevera434.jpg,aloevera,0
aloevera\aloevera435.jpg,aloevera,0
aloevera\aloevera436.jpg,aloevera,0
aloevera\aloevera437.jpg,aloevera,0
aloevera\aloevera438.jpg,aloevera,0
aloevera\aloevera439.jpg,aloevera,0
aloevera\aloevera44.jpg,aloevera,0
aloevera\aloevera440.jpg,aloevera,0
aloevera\aloevera441.jpg,aloevera,0
aloevera\aloevera442.jpg,aloevera,0
aloevera\aloevera443.jpg,aloevera,0
aloevera\aloevera444.jpg,aloevera,0
aloevera\aloevera445.jpg,aloevera,0
aloevera\aloevera446.jpg,aloevera,0
aloevera\aloevera447.jpg,aloevera,0
aloevera\aloevera448.jpg,aloevera,0
aloevera\aloevera449.jpg,aloevera,0
aloevera\aloevera45.jpg,aloevera,0
aloevera\aloevera450.jpg,aloevera,0
aloevera\aloevera451.jpg,aloevera,0
aloevera\aloevera452.jpg,aloevera,0
aloevera\aloevera453.jpg,aloevera,0
aloevera\aloevera454.jpg,aloevera,0
aloevera\aloevera455.jpg,aloevera,0
aloevera\aloevera456.jpg,aloevera,0
aloevera\aloevera457.jpg,aloevera,0
aloevera\aloevera458.jpg,aloevera,0
aloevera\aloevera459.jpg,aloevera,0
aloevera\aloevera46.jpg,aloevera,0
aloevera\aloevera460.jpg,aloevera,0
aloevera\aloevera461.jpg,aloevera,0
aloevera\aloevera462.jpg,aloevera,0
aloevera\aloevera463.jpg,aloevera,0
aloevera\aloevera464.jpg,aloevera,0
aloevera\aloevera465.jpg,aloevera,0
aloevera\aloevera466.jpg,aloevera,0
aloevera\aloevera467.jpg,aloevera,0
aloevera\aloevera468.jpg,aloevera,0
aloevera\aloevera469.jpg,aloevera,0
aloevera\aloevera47.jpg,aloevera,0
aloevera\aloevera470.jpg,aloevera,0
aloevera\aloevera471.jpg,aloevera,0
aloevera\aloevera472.jpg,aloevera,0
aloevera\aloevera473.jpg,aloevera,0
aloevera\aloevera474.jpg,aloevera,0
aloevera\aloevera475.jpg,aloevera,0
aloevera\aloevera476.jpg,aloevera,0
aloevera\aloevera477.jpg,aloevera,0
aloevera\aloevera478.jpg,aloevera,0
aloevera\aloevera479.jpg,aloevera,0
aloevera\aloevera48.jpg,aloevera,0
aloevera\aloevera480.jpg,aloevera,0
aloevera\aloevera481.jpg,aloevera,0
aloevera\aloevera482.jpg,aloevera,0
aloevera\aloevera483.jpg,aloevera,0
aloevera\aloevera484.jpg,aloevera,0
aloevera\aloevera485.jpg,aloevera,0
aloevera\aloevera486.jpg,aloevera,0
aloevera\aloevera487.jpg,aloevera,0
aloevera\aloevera488.jpg,aloevera,0
aloevera\aloevera489.jpg,aloevera,0
aloevera\aloevera49.jpg,aloevera,0
aloevera\aloevera490.jpg,aloevera,0
aloevera\aloevera491.jpg,aloevera,0
aloevera\aloevera492.jpg,aloevera,0
aloevera\aloevera493.jpg,aloevera,0
aloevera\aloevera494.jpg,aloevera,0
aloevera\aloevera495.jpg,aloevera,0
aloevera\aloevera496.jpg,aloevera,0
aloevera\aloevera497.jpg,aloevera,0
aloevera\aloevera498.jpg,aloevera,0
aloevera\aloevera499.jpg,aloevera,0
aloevera\aloevera5.jpg,aloevera,0
aloevera\aloevera50.jpg,aloevera,0
aloevera\aloevera500.jpg,aloevera,0
aloevera\aloevera501.jpg,aloevera,0
aloevera\aloevera502.jpg,aloevera,0
aloevera\aloevera503.jpg,aloevera,0
aloevera\aloevera504.jpg,aloevera,0
aloevera\aloevera505.jpg,aloevera,0
aloevera\aloevera506.jpg,aloevera,0
aloevera\aloevera507.jpg,aloevera,0
aloevera\aloevera508.jpg,aloevera,0
aloevera\aloevera509.jpg,aloevera,0
aloevera\aloevera51.jpg,aloevera,0
aloevera\aloevera510.jpg,aloevera,0
aloevera\aloevera511.jpg,aloevera,0
aloevera\aloevera512.jpg,aloevera,0
aloevera\aloevera513.jpg,aloevera,0
aloevera\aloevera514.jpg,aloevera,0
aloevera\aloevera515.jpg,aloevera,0
aloevera\aloevera516.jpg,aloevera,0
aloevera\aloevera517.jpg,aloevera,0
aloevera\aloevera518.jpg,aloevera,0
aloevera\aloevera519.jpg,aloevera,0
aloevera\aloevera52.jpg,aloevera,0
aloevera\aloevera520.jpg,aloevera,0
aloevera\aloevera521.jpg,aloevera,0
aloevera\aloevera522.jpg,aloevera,0
aloevera\aloevera523.jpg,aloevera,0
aloevera\aloevera524.jpg,aloevera,0
aloevera\aloevera525.jpg,aloevera,0
aloevera\aloevera526.jpg,aloevera,0
aloevera\aloevera527.jpg,aloevera,0
aloevera\aloevera528.jpg,aloevera,0
aloevera\aloevera529.jpg,aloevera,0
aloevera\aloevera53.jpg,aloevera,0
aloevera\aloevera530.jpg,aloevera,0
aloevera\aloevera531.jpg,aloevera,0
aloevera\aloevera532.jpg,aloevera,0
aloevera\aloevera533.jpg,aloevera,0
aloevera\aloevera534.jpg,aloevera,0
aloevera\aloevera535.jpg,aloevera,0
aloevera\aloevera536.jpg,aloevera,0
aloevera\aloevera537.jpg,aloevera,0
aloevera\aloevera538.jpg,aloevera,0
aloevera\aloevera539.jpg,aloevera,0
aloevera\aloevera54.jpg,aloevera,0
aloevera\aloevera540.jpg,aloevera,0
aloevera\aloevera541.jpg,aloevera,0
aloevera\aloevera542.jpg,aloevera,0
aloevera\aloevera543.jpg,aloevera,0
aloevera\aloevera544.jpg,aloevera,0
aloevera\aloevera545.jpg,aloevera,0
aloevera\aloevera546.jpg,aloevera,0
aloevera\aloevera547.jpg,aloevera,0
aloevera\aloevera548.jpg,aloevera,0
aloevera\aloevera549.jpg,aloevera,0
aloevera\aloevera55.jpg,aloevera,0
aloevera\aloevera550.jpg,aloevera,0
aloevera\aloevera551.jpg,aloevera,0
aloevera\aloevera552.jpg,aloevera,0
aloevera\aloevera553.jpg,aloevera,0
aloevera\aloevera554.jpg,aloevera,0
aloevera\aloevera555.jpg,aloevera,0
aloevera\aloevera556.jpg,aloevera,0
aloevera\aloevera557.jpg,aloevera,0
aloevera\aloevera558.jpg,aloevera,0
aloevera\aloevera559.jpg,aloevera,0
aloevera\aloevera56.jpg,aloevera,0
aloevera\aloevera560.jpg,aloevera,0
aloevera\aloevera561.jpg,aloevera,0
aloevera\aloevera562.jpg,aloevera,0
aloevera\aloevera563.jpg,aloevera,0
aloevera\aloevera564.jpg,aloevera,0
aloevera\aloevera565.jpg,aloevera,0
aloevera\aloevera566.jpg,aloevera,0
aloevera\aloevera567.jpg,aloevera,0
aloevera\aloevera568.jpg,aloevera,0
aloevera\aloevera569.jpg,aloevera,0
aloevera\aloevera57.jpg,aloevera,0
aloevera\aloevera570.jpg,aloevera,0
aloevera\aloevera571.jpg,aloevera,0
aloevera\aloevera572.jpg,aloevera,0
aloevera\aloevera573.jpg,aloevera,0
aloevera\aloevera574.jpg,aloevera,0
aloevera\aloevera575.jpg,aloevera,0
aloevera\aloevera576.jpg,aloevera,0
aloevera\aloevera577.jpg,aloevera,0
aloevera\aloevera578.jpg,aloevera,0
aloevera\aloevera579.jpg,aloevera,0
aloevera\aloevera58.jpg,aloevera,0
aloevera\aloevera580.jpg,aloevera,0
aloevera\aloevera581.jpg,aloevera,0
aloevera\aloevera582.jpg,aloevera,0
aloevera\aloevera583.jpg,aloevera,0
aloevera\aloevera584.jpg,aloevera,0
aloevera\aloevera585.jpg,aloevera,0
aloevera\aloevera586.jpg,aloevera,0
aloevera\aloevera587.jpg,aloevera,0
aloevera\aloevera588.jpg,aloevera,0
aloevera\aloevera589.jpg,aloevera,0
aloevera\aloevera59.jpg,aloevera,0
aloevera\aloevera590.jpg,aloevera,0
aloevera\aloevera591.jpg,aloevera,0
aloevera\aloevera592.jpg,aloevera,0
aloevera\aloevera593.jpg,aloevera,0
aloevera\aloevera594.jpg,aloevera,0
aloevera\aloevera595.jpg,aloevera,0
aloevera\aloevera596.jpg,aloevera,0
aloevera\aloevera597.jpg,aloevera,0
aloevera\aloevera598.jpg,aloevera,0
aloevera\aloevera599.jpg,aloevera,0
aloevera\aloevera6.jpg,aloevera,0
aloevera\aloevera60.jpg,aloevera,0
aloevera\aloevera600.jpg,aloevera,0
aloevera\aloevera601.jpg,aloevera,0
aloevera\aloevera602.jpg,aloevera,0
aloevera\aloevera603.jpg,aloevera,0
aloevera\aloevera604.jpg,aloevera,0
aloevera\aloevera605.jpg,aloevera,0
aloevera\aloevera606.jpg,aloevera,0
aloevera\aloevera607.jpg,aloevera,0
aloevera\aloevera608.jpg,aloevera,0
aloevera\aloevera609.jpg,aloevera,0
aloevera\aloevera61.jpg,aloevera,0
aloevera\aloevera610.jpg,aloevera,0
aloevera\aloevera611.jpg,aloevera,0
aloevera\aloevera612.jpg,aloevera,0
aloevera\aloevera613.jpg,aloevera,0
aloevera\aloevera614.jpg,aloevera,0
aloevera\aloevera615.jpg,aloevera,0
aloevera\aloevera616.jpg,aloevera,0
aloevera\aloevera617.jpg,aloevera,0
aloevera\aloevera618.jpg,aloevera,0
aloevera\aloevera619.jpg,aloevera,0
aloevera\aloevera62.jpg,aloevera,0
aloevera\aloevera620.jpg,aloevera,0
aloevera\aloevera621.jpg,aloevera,0
aloevera\aloevera622.jpg,aloevera,0
aloevera\aloevera623.jpg,aloevera,0
aloevera\aloevera624.jpg,aloevera,0
aloevera\aloevera625.jpg,aloevera,0
aloevera\aloevera626.jpg,aloevera,0
aloevera\aloevera627.jpg,aloevera,0
aloevera\aloevera628.jpg,aloevera,0
aloevera\aloevera629.jpg,aloevera,0
aloevera\aloevera63.jpg,aloevera,0
aloevera\aloevera630.jpg,aloevera,0
aloevera\aloevera631.jpg,aloevera,0
aloevera\aloevera632.jpg,aloevera,0
aloevera\aloevera633.jpg,aloevera,0
aloevera\aloevera634.jpg,aloevera,0
aloevera\aloevera635.jpg,aloevera,0
aloevera\aloevera636.jpg,aloevera,0
aloevera\aloevera637.jpg,aloevera,0
aloevera\aloevera638.jpg,aloevera,0
aloevera\aloevera639.jpg,aloevera,0
aloevera\aloevera64.jpg,aloevera,0
aloevera\aloevera640.jpg,aloevera,0
aloevera\aloevera641.jpg,aloevera,0
aloevera\aloevera642.jpg,aloevera,0
aloevera\aloevera643.jpg,aloevera,0
aloevera\aloevera644.jpg,aloevera,0
aloevera\aloevera645.jpg,aloevera,0
aloevera\aloevera646.jpg,aloevera,0
aloevera\aloevera647.jpg,aloevera,0
aloevera\aloevera648.jpg,aloevera,0
aloevera\aloevera649.jpg,aloevera,0
aloevera\aloevera65.jpg,aloevera,0
aloevera\aloevera650.jpg,aloevera,0
aloevera\aloevera651.jpg,aloevera,0
aloevera\aloevera652.jpg,aloevera,0
aloevera\aloevera653.jpg,aloevera,0
aloevera\aloevera654.jpg,aloevera,0
aloevera\aloevera655.jpg,aloevera,0
aloevera\aloevera656.jpg,aloevera,0
aloevera\aloevera657.jpg,aloevera,0
aloevera\aloevera658.jpg,aloevera,0
aloevera\aloevera659.jpg,aloevera,0
aloevera\aloevera66.jpg,aloevera,0
aloevera\aloevera660.jpg,aloevera,0
aloevera\aloevera661.jpg,aloevera,0
aloevera\aloevera662.jpg,aloevera,0
aloevera\aloevera663.jpg,aloevera,0
aloevera\aloevera664.jpg,aloevera,0
aloevera\aloevera665.jpg,aloevera,0
aloevera\aloevera666.jpg,aloevera,0
aloevera\aloevera667.jpg,aloevera,0
aloevera\aloevera668.jpg,aloevera,0
aloevera\aloevera669.jpg,aloevera,0
aloevera\aloevera67.jpg,aloevera,0
aloevera\aloevera670.jpg,aloevera,0
aloevera\aloevera671.jpg,aloevera,0
aloevera\aloevera672.jpg,aloevera,0
aloevera\aloevera673.jpg,aloevera,0
aloevera\aloevera674.jpg,aloevera,0
aloevera\aloevera675.jpg,aloevera,0
aloevera\aloevera676.jpg,aloevera,0
aloevera\aloevera677.jpg,aloevera,0
aloevera\aloevera678.jpg,aloevera,0
aloevera\aloevera679.jpg,aloevera,0
aloevera\aloevera68.jpg,aloevera,0
aloevera\aloevera680.jpg,aloevera,0
aloevera\aloevera681.jpg,aloevera,0
aloevera\aloevera682.jpg,aloevera,0
aloevera\aloevera683.jpg,aloevera,0
aloevera\aloevera684.jpg,aloevera,0
aloevera\aloevera685.jpg,aloevera,0
aloevera\aloevera686.jpg,aloevera,0
aloevera\aloevera687.jpg,aloevera,0
aloevera\aloevera688.jpg,aloevera,0
aloevera\aloevera689.jpg,aloevera,0
aloevera\aloevera69.jpg,aloevera,0
aloevera\aloevera690.jpg,aloevera,0
aloevera\aloevera691.jpg,aloevera,0
aloevera\aloevera692.jpg,aloevera,0
aloevera\aloevera693.jpg,aloevera,0
aloevera\aloevera694.jpg,aloevera,0
aloevera\aloevera695.jpg,aloevera,0
aloevera\aloevera696.jpg,aloevera,0
aloevera\aloevera697.jpg,aloevera,0
aloevera\aloevera698.jpg,aloevera,0
aloevera\aloevera699.jpg,aloevera,0
aloevera\aloevera7.jpg,aloevera,0
aloevera\aloevera70.jpg,aloevera,0
aloevera\aloevera700.jpg,aloevera,0
aloevera\aloevera701.jpg,aloevera,0
aloevera\aloevera702.jpg,aloevera,0
aloevera\aloevera703.jpg,aloevera,0
aloevera\aloevera704.jpg,aloevera,0
aloevera\aloevera705.jpg,aloevera,0
aloevera\aloevera706.jpg,aloevera,0
aloevera\aloevera707.jpg,aloevera,0
aloevera\aloevera708.jpg,aloevera,0
aloevera\aloevera709.jpg,aloevera,0
aloevera\aloevera71.jpg,aloevera,0
aloevera\aloevera710.jpg,aloevera,0
aloevera\aloevera711.jpg,aloevera,0
aloevera\aloevera712.jpg,aloevera,0
aloevera\aloevera713.jpg,aloevera,0
aloevera\aloevera714.jpg,aloevera,0
aloevera\aloevera715.jpg,aloevera,0
aloevera\aloevera716.jpg,aloevera,0
aloevera\aloevera717.jpg,aloevera,0
aloevera\aloevera718.jpg,aloevera,0
aloevera\aloevera719.jpg,aloevera,0
aloevera\aloevera72.jpg,aloevera,0
aloevera\aloevera720.jpg,aloevera,0
aloevera\aloevera721.jpg,aloevera,0
aloevera\aloevera722.jpg,aloevera,0
aloevera\aloevera723.jpg,aloevera,0
aloevera\aloevera724.jpg,aloevera,0
aloevera\aloevera725.jpg,aloevera,0
aloevera\aloevera726.jpg,aloevera,0
aloevera\aloevera727.jpg,aloevera,0
aloevera\aloevera728.jpg,aloevera,0
aloevera\aloevera729.jpg,aloevera,0
aloevera\aloevera73.jpg,aloevera,0
aloevera\aloevera730.jpg,aloevera,0
aloevera\aloevera731.jpg,aloevera,0
aloevera\aloevera732.jpg,aloevera,0
aloevera\aloevera733.jpg,aloevera,0
aloevera\aloevera734.jpg,aloevera,0
aloevera\aloevera735.jpg,aloevera,0
aloevera\aloevera736.jpg,aloevera,0
aloevera\aloevera737.jpg,aloevera,0
aloevera\aloevera738.jpg,aloevera,0
aloevera\aloevera739.jpg,aloevera,0
aloevera\aloevera74.jpg,aloevera,0
aloevera\aloevera740.jpg,aloevera,0
aloevera\aloevera741.jpg,aloevera,0
aloevera\aloevera742.jpg,aloevera,0
aloevera\aloevera743.jpg,aloevera,0
aloevera\aloevera744.jpg,aloevera,0
aloevera\aloevera745.jpg,aloevera,0
aloevera\aloevera746.jpg,aloevera,0
aloevera\aloevera747.jpg,aloevera,0
aloevera\aloevera748.jpg,aloevera,0
aloevera\aloevera749.jpg,aloevera,0
aloevera\aloevera75.jpg,aloevera,0
aloevera\aloevera750.jpg,aloevera,0
aloevera\aloevera751.jpg,aloevera,0
aloevera\aloevera752.jpg,aloevera,0
aloevera\aloevera753.jpg,aloevera,0
aloevera\aloevera754.jpg,aloevera,0
aloevera\aloevera755.jpg,aloevera,0
aloevera\aloevera756.jpg,aloevera,0
aloevera\aloevera757.jpg,aloevera,0
aloevera\aloevera758.jpg,aloevera,0
aloevera\aloevera759.jpg,aloevera,0
aloevera\aloevera76.jpg,aloevera,0
aloevera\aloevera760.jpg,aloevera,0
aloevera\aloevera761.jpg,aloevera,0
aloevera\aloevera762.jpg,aloevera,0
aloevera\aloevera763.jpg,aloevera,0
aloevera\aloevera764.jpg,aloevera,0
aloevera\aloevera765.jpg,aloevera,0
aloevera\aloevera766.jpg,aloevera,0
aloevera\aloevera767.jpg,aloevera,0
aloevera\aloevera768.jpg,aloevera,0
aloevera\aloevera769.jpg,aloevera,0
aloevera\aloevera77.jpg,aloevera,0
aloevera\aloevera770.jpg,aloevera,0
aloevera\aloevera771.jpg,aloevera,0
aloevera\aloevera772.jpg,aloevera,0
aloevera\aloevera773.jpg,aloevera,0
aloevera\aloevera774.jpg,aloevera,0
aloevera\aloevera775.jpg,aloevera,0
aloevera\aloevera776.jpg,aloevera,0
aloevera\aloevera777.jpg,aloevera,0
aloevera\aloevera778.jpg,aloevera,0
aloevera\aloevera779.jpg,aloevera,0
aloevera\aloevera78.jpg,aloevera,0
aloevera\aloevera780.jpg,aloevera,0
aloevera\aloevera781.jpg,aloevera,0
aloevera\aloevera782.jpg,aloevera,0
aloevera\aloevera783.jpg,aloevera,0
aloevera\aloevera784.jpg,aloevera,0
aloevera\aloevera785.jpg,aloevera,0
aloevera\aloevera786.jpg,aloevera,0
aloevera\aloevera787.jpg,aloevera,0
aloevera\aloevera788.jpg,aloevera,0
aloevera\aloevera789.jpg,aloevera,0
aloevera\aloevera79.jpg,aloevera,0
aloevera\aloevera790.jpg,aloevera,0
aloevera\aloevera791.jpg,aloevera,0
aloevera\aloevera792.jpg,aloevera,0
aloevera\aloevera793.jpg,aloevera,0
aloevera\aloevera794.jpg,aloevera,0
aloevera\aloevera795.jpg,aloevera,0
aloevera\aloevera796.jpg,aloevera,0
aloevera\aloevera797.jpg,aloevera,0
aloevera\aloevera798.jpg,aloevera,0
aloevera\aloevera799.jpg,aloevera,0
aloevera\aloevera8.jpg,aloevera,0
aloevera\aloevera80.jpg,aloevera,0
aloevera\aloevera800.jpg,aloevera,0
aloevera\aloevera801.jpg,aloevera,0
aloevera\aloevera802.jpg,aloevera,0
aloevera\aloevera803.jpg,aloevera,0
aloevera\aloevera804.jpg,aloevera,0
aloevera\aloevera805.jpg,aloevera,0
aloevera\aloevera806.jpg,aloevera,0
aloevera\aloevera807.jpg,aloevera,0
aloevera\aloevera808.jpg,aloevera,0
aloevera\aloevera809.jpg,aloevera,0
aloevera\aloevera81.jpg,aloevera,0
aloevera\aloevera810.jpg,aloevera,0
aloevera\aloevera811.jpg,aloevera,0
aloevera\aloevera812.jpg,aloevera,0
aloevera\aloevera813.jpg,aloevera,0
aloevera\aloevera814.jpg,aloevera,0
aloevera\aloevera815.jpg,aloevera,0
aloevera\aloevera816.jpg,aloevera,0
aloevera\aloevera817.jpg,aloevera,0
aloevera\aloevera818.jpg,aloevera,0
aloevera\aloevera819.jpg,aloevera,0
aloevera\aloevera82.jpg,aloevera,0
aloevera\aloevera820.jpg,aloevera,0
aloevera\aloevera821.jpg,aloevera,0
aloevera\aloevera822.jpg,aloevera,0
aloevera\aloevera823.jpg,aloevera,0
aloevera\aloevera824.jpg,aloevera,0
aloevera\aloevera825.jpg,aloevera,0
aloevera\aloevera826.jpg,aloevera,0
aloevera\aloevera827.jpg,aloevera,0
aloevera\aloevera828.jpg,aloevera,0
aloevera\aloevera829.jpg,aloevera,0
aloevera\aloevera83.jpg,aloevera,0
aloevera\aloevera830.jpg,aloevera,0
aloevera\aloevera831.jpg,aloevera,0
aloevera\aloevera832.jpg,aloevera,0
aloevera\aloevera833.jpg,aloevera,0
aloevera\aloevera834.jpg,aloevera,0
aloevera\aloevera835.jpg,aloevera,0
aloevera\aloevera836.jpg,aloevera,0
aloevera\aloevera837.jpg,aloevera,0
aloevera\aloevera838.jpg,aloevera,0
aloevera\aloevera839.jpg,aloevera,0
aloevera\aloevera84.jpg,aloevera,0
aloevera\aloevera840.jpg,aloevera,0
aloevera\aloevera841.jpg,aloevera,0
aloevera\aloevera842.jpg,aloevera,0
aloevera\aloevera843.jpg,aloevera,0
aloevera\aloevera844.jpg,aloevera,0
aloevera\aloevera845.jpg,aloevera,0
aloevera\aloevera846.jpg,aloevera,0
aloevera\aloevera847.jpg,aloevera,0
aloevera\aloevera848.jpg,aloevera,0
aloevera\aloevera849.jpg,aloevera,0
aloevera\aloevera85.jpg,aloevera,0
aloevera\aloevera850.jpg,aloevera,0
aloevera\aloevera851.jpg,aloevera,0
aloevera\aloevera852.jpg,aloevera,0
aloevera\aloevera853.jpg,aloevera,0
aloevera\aloevera854.jpg,aloevera,0
aloevera\aloevera855.jpg,aloevera,0
aloevera\aloevera856.jpg,aloevera,0
aloevera\aloevera857.jpg,aloevera,0
aloevera\aloevera858.jpg,aloevera,0
aloevera\aloevera859.jpg,aloevera,0
aloevera\aloevera86.jpg,aloevera,0
aloevera\aloevera860.jpg,aloevera,0
aloevera\aloevera861.jpg,aloevera,0
aloevera\aloevera862.jpg,aloevera,0
aloevera\aloevera863.jpg,aloevera,0
aloevera\aloevera864.jpg,aloevera,0
aloevera\aloevera865.jpg,aloevera,0
aloevera\aloevera866.jpg,aloevera,0
aloevera\aloevera867.jpg,aloevera,0
aloevera\aloevera868.jpg,aloevera,0
aloevera\aloevera869.jpg,aloevera,0
aloevera\aloevera87.jpg,aloevera,0
aloevera\aloevera870.jpg,aloevera,0
aloevera\aloevera871.jpg,aloevera,0
aloevera\aloevera872.jpg,aloevera,0
aloevera\aloevera873.jpg,aloevera,0
aloevera\aloevera874.jpg,aloevera,0
aloevera\aloevera875.jpg,aloevera,0
aloevera\aloevera876.jpg,aloevera,0
aloevera\aloevera877.jpg,aloevera,0
aloevera\aloevera878.jpg,aloevera,0
aloevera\aloevera879.jpg,aloevera,0
aloevera\aloevera88.jpg,aloevera,0
aloevera\aloevera880.jpg,aloevera,0
aloevera\aloevera881.jpg,aloevera,0
aloevera\aloevera882.jpg,aloevera,0
aloevera\aloevera883.jpg,aloevera,0
aloevera\aloevera884.jpg,aloevera,0
aloevera\aloevera885.jpg,aloevera,0
aloevera\aloevera886.jpg,aloevera,0
aloevera\aloevera887.jpg,aloevera,0
aloevera\aloevera888.jpg,aloevera,0
aloevera\aloevera889.jpg,aloevera,0
aloevera\aloevera89.jpg,aloevera,0
aloevera\aloevera890.jpg,aloevera,0
aloevera\aloevera891.jpg,aloevera,0
aloevera\aloevera892.jpg,aloevera,0
aloevera\aloevera893.jpg,aloevera,0
aloevera\aloevera894.jpg,aloevera,0
aloevera\aloevera895.jpg,aloevera,0
aloevera\aloevera896.jpg,aloevera,0
aloevera\aloevera897.jpg,aloevera,0
aloevera\aloevera898.jpg,aloevera,0
aloevera\aloevera899.jpg,aloevera,0
aloevera\aloevera9.jpg,aloevera,0
aloevera\aloevera90.jpg,aloevera,0
aloevera\aloevera900.jpg,aloevera,0
aloevera\aloevera901.jpg,aloevera,0
aloevera\aloevera902.jpg,aloevera,0
aloevera\aloevera903.jpg,aloevera,0
aloevera\aloevera904.jpg,aloevera,0
aloevera\aloevera905.jpg,aloevera,0
aloevera\aloevera906.jpg,aloevera,0
aloevera\aloevera907.jpg,aloevera,0
aloevera\aloevera908.jpg,aloevera,0
aloevera\aloevera909.jpg,aloevera,0
aloevera\aloevera91.jpg,aloevera,0
aloevera\aloevera910.jpg,aloevera,0
aloevera\aloevera911.jpg,aloevera,0
aloevera\aloevera912.jpg,aloevera,0
aloevera\aloevera913.jpg,aloevera,0
aloevera\aloevera914.jpg,aloevera,0
aloevera\aloevera915.jpg,aloevera,0
aloevera\aloevera916.jpg,aloevera,0
aloevera\aloevera917.jpg,aloevera,0
aloevera\aloevera918.jpg,aloevera,0
aloevera\aloevera919.jpg,aloevera,0
aloevera\aloevera92.jpg,aloevera,0
aloevera\aloevera920.jpg,aloevera,0
aloevera\aloevera921.jpg,aloevera,0
aloevera\aloevera922.jpg,aloevera,0
aloevera\aloevera923.jpg,aloevera,0
aloevera\aloevera924.jpg,aloevera,0
aloevera\aloevera925.jpg,aloevera,0
aloevera\aloevera926.jpg,aloevera,0
aloevera\aloevera927.jpg,aloevera,0
aloevera\aloevera928.jpg,aloevera,0
aloevera\aloevera929.jpg,aloevera,0
aloevera\aloevera93.jpg,aloevera,0
aloevera\aloevera930.jpg,aloevera,0
aloevera\aloevera931.jpg,aloevera,0
aloevera\aloevera932.jpg,aloevera,0
aloevera\aloevera933.jpg,aloevera,0
aloevera\aloevera934.jpg,aloevera,0
aloevera\aloevera935.jpg,aloevera,0
aloevera\aloevera936.jpg,aloevera,0
aloevera\aloevera937.jpg,aloevera,0
aloevera\aloevera938.jpg,aloevera,0
aloevera\aloevera939.jpg,aloevera,0
aloevera\aloevera94.jpg,aloevera,0
aloevera\aloevera940.jpg,aloevera,0
aloevera\aloevera941.jpg,aloevera,0
aloevera\aloevera942.jpg,aloevera,0
aloevera\aloevera943.jpg,aloevera,0
aloevera\aloevera944.jpg,aloevera,0
aloevera\aloevera945.jpg,aloevera,0
aloevera\aloevera946.jpg,aloevera,0
aloevera\aloevera947.jpg,aloevera,0
aloevera\aloevera948.jpg,aloevera,0
aloevera\aloevera949.jpg,aloevera,0
aloevera\aloevera95.jpg,aloevera,0
aloevera\aloevera950.jpg,aloevera,0
aloevera\aloevera951.jpg,aloevera,0
aloevera\aloevera952.jpg,aloevera,0
aloevera\aloevera953.jpg,aloevera,0
aloevera\aloevera954.jpg,aloevera,0
aloevera\aloevera955.jpg,aloevera,0
aloevera\aloevera956.jpg,aloevera,0
aloevera\aloevera957.jpg,aloevera,0
aloevera\aloevera958.jpg,aloevera,0
aloevera\aloevera959.jpg,aloevera,0
aloevera\aloevera96.jpg,aloevera,0
aloevera\aloevera960.jpg,aloevera,0
aloevera\aloevera961.jpg,aloevera,0
aloevera\aloevera962.jpg,aloevera,0
aloevera\aloevera963.jpg,aloevera,0
aloevera\aloevera964.jpg,aloevera,0
aloevera\aloevera965.jpg,aloevera,0
aloevera\aloevera966.jpg,aloevera,0
aloevera\aloevera967.jpg,aloevera,0
aloevera\aloevera968.jpg,aloevera,0
aloevera\aloevera969.jpg,aloevera,0
aloevera\aloevera97.jpg,aloevera,0
aloevera\aloevera970.jpg,aloevera,0
aloevera\aloevera971.jpg,aloevera,0
aloevera\aloevera972.jpg,aloevera,0
aloevera\aloevera973.jpg,aloevera,0
aloevera\aloevera974.jpg,aloevera,0
aloevera\aloevera975.jpg,aloevera,0
aloevera\aloevera976.jpg,aloevera,0
aloevera\aloevera977.jpg,aloevera,0
aloevera\aloevera978.jpg,aloevera,0
aloevera\aloevera979.jpg,aloevera,0
aloevera\aloevera98.jpg,aloevera,0
aloevera\aloevera980.jpg,aloevera,0
aloevera\aloevera981.jpg,aloevera,0
aloevera\aloevera982.jpg,aloevera,0
aloevera\aloevera983.jpg,aloevera,0
aloevera\aloevera984.jpg,aloevera,0
aloevera\aloevera985.jpg,aloevera,0
aloevera\aloevera986.jpg,aloevera,0
aloevera\aloevera987.jpg,aloevera,0
aloevera\aloevera988.jpg,aloevera,0
aloevera\aloevera989.jpg,aloevera,0
aloevera\aloevera99.jpg,aloevera,0
aloevera\aloevera990.jpg,aloevera,0
aloevera\aloevera991.jpg,aloevera,0
aloevera\aloevera992.jpg,aloevera,0
aloevera\aloevera993.jpg,aloevera,0
aloevera\aloevera994.jpg,aloevera,0
aloevera\aloevera995.jpg,aloevera,0
aloevera\aloevera996.jpg,aloevera,0
aloevera\aloevera997.jpg,aloevera,0
aloevera\aloevera998.jpg,aloevera,0
aloevera\aloevera999.jpg,aloevera,0
bamboo\download (1).jpeg,bamboo,1
bamboo\download (10).jpeg,bamboo,1
bamboo\download (11).jpeg,bamboo,1
bamboo\download (12).jpeg,bamboo,1
bamboo\download (13).jpeg,bamboo,1
bamboo\download (14).jpeg,bamboo,1
bamboo\download (15).jpeg,bamboo,1
bamboo\download (16).jpeg,bamboo,1
bamboo\download (17).jpeg,bamboo,1
bamboo\download (18).jpeg,bamboo,1
bamboo\download (19).jpeg,bamboo,1
bamboo\download (2).jpeg,bamboo,1
bamboo\download (20).jpeg,bamboo,1
bamboo\download (21).jpeg,bamboo,1
bamboo\download (22).jpeg,bamboo,1
bamboo\download (23).jpeg,bamboo,1
bamboo\download (24).jpeg,bamboo,1
bamboo\download (25).jpeg,bamboo,1
bamboo\download (26).jpeg,bamboo,1
bamboo\download (3).jpeg,bamboo,1
bamboo\download (4).jpeg,bamboo,1
bamboo\download (5).jpeg,bamboo,1
bamboo\download (6).jpeg,bamboo,1
bamboo\download (7).jpeg,bamboo,1
bamboo\download (8).jpeg,bamboo,1
bamboo\download (9).jpeg,bamboo,1
bamboo\download.jpeg,bamboo,1
bamboo\images (1).jpeg,bamboo,1
bamboo\images (1).png,bamboo,1
bamboo\images (10).jpeg,bamboo,1
bamboo\images (100).jpeg,bamboo,1
bamboo\images (11).jpeg,bamboo,1
bamboo\images (12).jpeg,bamboo,1
bamboo\images (13).jpeg,bamboo,1
bamboo\images (14).jpeg,bamboo,1
bamboo\images (15).jpeg,bamboo,1
bamboo\images (16).jpeg,bamboo,1
bamboo\images (17).jpeg,bamboo,1
bamboo\images (18).jpeg,bamboo,1
bamboo\images (19).jpeg,bamboo,1
bamboo\images (2).jpeg,bamboo,1
bamboo\images (2).png,bamboo,1
bamboo\images (20).jpeg,bamboo,1
bamboo\images (21).jpeg,bamboo,1
bamboo\images (22).jpeg,bamboo,1
bamboo\images (23).jpeg,bamboo,1
bamboo\images (24).jpeg,bamboo,1
bamboo\images (25).jpeg,bamboo,1
bamboo\images (26).jpeg,bamboo,1
bamboo\images (27).jpeg,bamboo,1
bamboo\images (28).jpeg,bamboo,1
bamboo\images (29).jpeg,bamboo,1
bamboo\images (3).jpeg,bamboo,1
bamboo\images (30).jpeg,bamboo,1
bamboo\images (31).jpeg,bamboo,1
bamboo\images (32).jpeg,bamboo,1
bamboo\images (33).jpeg,bamboo,1
bamboo\images (34).jpeg,bamboo,1
bamboo\images (35).jpeg,bamboo,1
bamboo\images (36).jpeg,bamboo,1
bamboo\images (37).jpeg,bamboo,1
bamboo\images (38).jpeg,bamboo,1
bamboo\images (39).jpeg,bamboo,1
bamboo\images (4).jpeg,bamboo,1
bamboo\images (40).jpeg,bamboo,1
bamboo\images (41).jpeg,bamboo,1
bamboo\images (42).jpeg,bamboo,1
bamboo\images (43).jpeg,bamboo,1
bamboo\images (44).jpeg,bamboo,1
bamboo\images (45).jpeg,bamboo,1
bamboo\images (46).jpeg,bamboo,1
bamboo\images (47).jpeg,bamboo,1
bamboo\images (48).jpeg,bamboo,1
bamboo\images (49).jpeg,bamboo,1
bamboo\images (5).jpeg,bamboo,1
bamboo\images (50).jpeg,bamboo,1
bamboo\images (51).jpeg,bamboo,1
bamboo\images (52).jpeg,bamboo,1
bamboo\images (53).jpeg,bamboo,1
bamboo\images (54).jpeg,bamboo,1
bamboo\images (55).jpeg,bamboo,1
bamboo\images (56).jpeg,bamboo,1
bamboo\images (57).jpeg,bamboo,1
bamboo\images (58).jpeg,bamboo,1
bamboo\images (59).jpeg,bamboo,1
bamboo\images (6).jpeg,bamboo,1
bamboo\images (60).jpeg,bamboo,1
bamboo\images (61).jpeg,bamboo,1
bamboo\images (62).jpeg,bamboo,1
bamboo\images (63).jpeg,bamboo,1
bamboo\images (64).jpeg,bamboo,1
bamboo\images (65).jpeg,bamboo,1
bamboo\images (66).jpeg,bamboo,1
bamboo\images (67).jpeg,bamboo,1
bamboo\images (68).jpeg,bamboo,1
bamboo\images (69).jpeg,bamboo,1
bamboo\images (7).jpeg,bamboo,1
bamboo\images (70).jpeg,bamboo,1
bamboo\images (71).jpeg,bamboo,1
bamboo\images (72).jpeg,bamboo,1
bamboo\images (73).jpeg,bamboo,1
bamboo\images (74).jpeg,bamboo,1
bamboo\images (75).jpeg,bamboo,1
bamboo\images (76).jpeg,bamboo,1
bamboo\images (77).jpeg,bamboo,1
bamboo\images (78).jpeg,bamboo,1
bamboo\images (79).jpeg,bamboo,1
bamboo\images (8).jpeg,bamboo,1
bamboo\images (80).jpeg,bamboo,1
bamboo\images (81).jpeg,bamboo,1
bamboo\images (82).jpeg,bamboo,1
bamboo\images (83).jpeg,bamboo,1
bamboo\images (84).jpeg,bamboo,1
bamboo\images (85).jpeg,bamboo,1
bamboo\images (86).jpeg,bamboo,1
bamboo\images (87).jpeg,bamboo,1
bamboo\images (88).jpeg,bamboo,1
bamboo\images (89).jpeg,bamboo,1
bamboo\images (9).jpeg,bamboo,1
bamboo\images (90).jpeg,bamboo,1
bamboo\images (91).jpeg,bamboo,1
bamboo\images (92).jpeg,bamboo,1
bamboo\images (93).jpeg,bamboo,1
bamboo\images (94).jpeg,bamboo,1
bamboo\images (95).jpeg,bamboo,1
bamboo\images (96).jpeg,bamboo,1
bamboo\images (97).jpeg,bamboo,1
bamboo\images (98).jpeg,bamboo,1
bamboo\images (99).jpeg,bamboo,1
bamboo\images - 2023-04-18T154454.741.jpeg,bamboo,1
bamboo\images - 2023-04-18T154458.482.jpeg,bamboo,1
bamboo\images - 2023-04-18T154502.316.jpeg,bamboo,1
bamboo\images - 2023-04-18T154505.967.jpeg,bamboo,1
bamboo\images - 2023-04-18T154509.367.jpeg,bamboo,1
bamboo\images - 2023-04-18T154513.427.jpeg,bamboo,1
bamboo\images - 2023-04-18T154516.865.jpeg,bamboo,1
bamboo\images - 2023-04-18T154520.707.jpeg,bamboo,1
bamboo\images - 2023-04-18T154525.067.jpeg,bamboo,1
bamboo\images - 2023-04-18T154529.016.jpeg,bamboo,1
bamboo\images - 2023-04-18T154532.530.jpeg,bamboo,1
bamboo\images - 2023-04-18T154540.701.jpeg,bamboo,1
bamboo\images - 2023-04-18T154543.476.jpeg,bamboo,1
bamboo\images - 2023-04-18T154602.638.jpeg,bamboo,1
bamboo\images - 2023-04-18T154610.910.jpeg,bamboo,1
bamboo\images - 2023-04-18T154614.887.jpeg,bamboo,1
bamboo\images - 2023-04-18T154617.755.jpeg,bamboo,1
bamboo\images - 2023-04-18T154620.567.jpeg,bamboo,1
bamboo\images - 2023-04-18T154624.546.jpeg,bamboo,1
bamboo\images - 2023-04-18T154627.402.jpeg,bamboo,1
bamboo\images - 2023-04-18T154631.068.jpeg,bamboo,1
bamboo\images - 2023-04-18T154634.647.jpeg,bamboo,1
bamboo\images - 2023-04-18T154638.925.jpeg,bamboo,1
bamboo\images - 2023-04-18T154643.246.jpeg,bamboo,1
bamboo\images - 2023-04-18T154653.925.jpeg,bamboo,1
bamboo\images - 2023-04-18T154657.787.jpeg,bamboo,1
bamboo\images - 2023-04-18T154701.145.jpeg,bamboo,1
bamboo\images - 2023-04-18T154707.400.jpeg,bamboo,1
bamboo\images - 2023-04-18T154715.530.jpeg,bamboo,1
bamboo\images - 2023-04-18T154719.365.jpeg,bamboo,1
bamboo\images - 2023-04-18T154722.605.jpeg,bamboo,1
bamboo\images - 2023-04-18T154731.785.jpeg,bamboo,1
bamboo\images - 2023-04-18T154736.042.jpeg,bamboo,1
bamboo\images - 2023-04-18T154740.106.jpeg,bamboo,1
bamboo\images - 2023-04-18T154747.986.jpeg,bamboo,1
bamboo\images - 2023-04-18T154752.701.jpeg,bamboo,1
bamboo\images - 2023-04-18T154755.966.jpeg,bamboo,1
bamboo\images - 2023-04-18T154759.925.jpeg,bamboo,1
bamboo\images - 2023-04-18T154804.213.jpeg,bamboo,1
bamboo\images - 2023-04-18T154811.903.jpeg,bamboo,1
bamboo\images - 2023-04-18T154815.355.jpeg,bamboo,1
bamboo\images - 2023-04-18T154819.759.jpeg,bamboo,1
bamboo\images - 2023-04-18T154825.141.jpeg,bamboo,1
bamboo\images - 2023-04-18T154828.723.jpeg,bamboo,1
bamboo\images - 2023-04-18T154832.369.jpeg,bamboo,1
bamboo\images - 2023-04-18T154835.658.jpeg,bamboo,1
bamboo\images - 2023-04-18T154840.098.jpeg,bamboo,1
bamboo\images - 2023-04-18T154843.963.jpeg,bamboo,1
bamboo\images - 2023-04-18T154848.973.jpeg,bamboo,1
bamboo\images - 2023-04-18T154853.563.jpeg,bamboo,1
bamboo\images - 2023-04-18T154856.523.jpeg,bamboo,1
bamboo\images - 2023-04-18T154900.003.jpeg,bamboo,1
bamboo\images - 2023-04-18T154903.635.jpeg,bamboo,1
bamboo\images - 2023-04-18T154906.904.jpeg,bamboo,1
bamboo\images - 2023-04-18T154914.566.jpeg,bamboo,1
bamboo\images - 2023-04-18T154918.518.jpeg,bamboo,1
bamboo\images - 2023-04-18T154921.765.jpeg,bamboo,1
bamboo\images - 2023-04-18T154926.844.jpeg,bamboo,1
bamboo\images - 2023-04-18T154930.155.jpeg,bamboo,1
bamboo\images - 2023-04-18T154945.200.jpeg,bamboo,1
bamboo\images - 2023-04-18T154948.943.jpeg,bamboo,1
bamboo\images - 2023-04-18T154952.266.jpeg,bamboo,1
bamboo\images - 2023-04-18T154957.465.jpeg,bamboo,1
bamboo\images - 2023-04-18T155000.265.jpeg,bamboo,1
bamboo\images - 2023-04-18T155011.733.jpeg,bamboo,1
bamboo\images - 2023-04-18T155015.083.jpeg,bamboo,1
bamboo\images - 2023-04-18T155017.883.jpeg,bamboo,1
bamboo\images - 2023-04-18T155021.205.jpeg,bamboo,1
bamboo\images - 2023-04-18T155024.243.jpeg,bamboo,1
bamboo\images - 2023-04-18T155027.043.jpeg,bamboo,1
bamboo\images - 2023-04-18T155029.775.jpeg,bamboo,1
bamboo\images - 2023-04-18T155034.323.jpeg,bamboo,1
bamboo\images - 2023-04-18T155040.264.jpeg,bamboo,1
bamboo\images - 2023-04-18T155044.765.jpeg,bamboo,1
bamboo\images - 2023-04-18T155047.697.jpeg,bamboo,1
bamboo\images - 2023-04-18T155052.183.jpeg,bamboo,1
bamboo\images - 2023-04-18T155054.962.jpeg,bamboo,1
bamboo\images - 2023-04-18T155058.764.jpeg,bamboo,1
bamboo\images - 2023-04-18T155102.962.jpeg,bamboo,1
bamboo\images - 2023-04-18T155106.662.jpeg,bamboo,1
bamboo\images - 2023-04-18T155114.712.jpeg,bamboo,1
bamboo\images - 2023-04-18T155118.530.jpeg,bamboo,1
bamboo\images - 2023-04-18T155121.994.jpeg,bamboo,1
bamboo\images - 2023-04-18T155130.784.jpeg,bamboo,1
bamboo\images - 2023-04-18T155135.023.jpeg,bamboo,1
bamboo\images - 2023-04-18T155138.962.jpeg,bamboo,1
bamboo\images - 2023-04-18T155142.424.jpeg,bamboo,1
bamboo\images - 2023-04-18T155147.268.jpeg,bamboo,1
bamboo\images - 2023-04-18T155151.422.jpeg,bamboo,1
bamboo\images - 2023-04-18T155155.202.jpeg,bamboo,1
bamboo\images - 2023-04-18T155158.822.jpeg,bamboo,1
bamboo\images - 2023-04-18T155201.733.jpeg,bamboo,1
bamboo\images - 2023-04-18T155205.597.jpeg,bamboo,1
bamboo\images - 2023-04-18T155208.643.jpeg,bamboo,1
bamboo\images - 2023-04-18T155212.122.jpeg,bamboo,1
bamboo\images - 2023-04-18T155215.162.jpeg,bamboo,1
bamboo\images - 2023-04-18T155218.813.jpeg,bamboo,1
bamboo\images - 2023-04-18T155222.937.jpeg,bamboo,1
bamboo\images - 2023-04-18T155227.858.jpeg,bamboo,1
bamboo\images - 2023-04-18T155231.131.jpeg,bamboo,1
bamboo\images - 2023-04-18T155235.262.jpeg,bamboo,1
bamboo\images - 2023-04-18T155238.891.jpeg,bamboo,1
bamboo\images - 2023-04-18T155244.619.jpeg,bamboo,1
bamboo\images - 2023-04-18T155247.451.jpeg,bamboo,1
bamboo\images - 2023-04-18T155251.023.jpeg,bamboo,1
bamboo\images - 2023-04-18T155253.644.jpeg,bamboo,1
bamboo\images - 2023-04-18T155258.004.jpeg,bamboo,1
bamboo\images - 2023-04-18T155303.864.jpeg,bamboo,1
bamboo\images - 2023-04-18T155308.594.jpeg,bamboo,1
bamboo\images - 2023-04-18T155312.317.jpeg,bamboo,1
bamboo\images - 2023-04-18T155316.042.jpeg,bamboo,1
bamboo\images - 2023-04-18T155319.562.jpeg,bamboo,1
bamboo\images - 2023-04-18T155324.984.jpeg,bamboo,1
bamboo\images - 2023-04-18T155332.138.jpeg,bamboo,1
bamboo\images - 2023-04-18T155336.256.jpeg,bamboo,1
bamboo\images - 2023-04-18T155340.201.jpeg,bamboo,1
bamboo\images - 2023-04-18T155344.763.jpeg,bamboo,1
bamboo\images - 2023-04-18T155348.843.jpeg,bamboo,1
bamboo\images - 2023-04-18T155352.900.jpeg,bamboo,1
bamboo\images - 2023-04-18T155355.703.jpeg,bamboo,1
bamboo\images - 2023-04-18T155359.127.jpeg,bamboo,1
bamboo\images - 2023-04-18T155402.342.jpeg,bamboo,1
bamboo\images - 2023-04-18T155406.622.jpeg,bamboo,1
bamboo\images - 2023-04-18T155409.736.jpeg,bamboo,1
bamboo\images - 2023-04-18T155414.043.jpeg,bamboo,1
bamboo\images - 2023-04-18T155419.113.jpeg,bamboo,1
bamboo\images - 2023-04-18T155424.462.jpeg,bamboo,1
bamboo\images - 2023-04-18T155434.282.jpeg,bamboo,1
bamboo\images - 2023-04-18T155439.799.jpeg,bamboo,1
bamboo\images - 2023-04-18T155443.900.jpeg,bamboo,1
bamboo\images - 2023-04-18T155448.590.jpeg,bamboo,1
bamboo\images - 2023-04-18T155455.201.jpeg,bamboo,1
bamboo\images - 2023-04-18T155500.063.jpeg,bamboo,1
bamboo\images - 2023-04-18T155503.582.jpeg,bamboo,1
bamboo\images - 2023-04-18T155508.377.jpeg,bamboo,1
bamboo\images - 2023-04-18T155513.915.jpeg,bamboo,1
bamboo\images - 2023-04-18T155527.436.jpeg,bamboo,1
bamboo\images - 2023-04-18T155533.511.jpeg,bamboo,1
bamboo\images - 2023-04-18T155537.003.jpeg,bamboo,1
bamboo\images - 2023-04-18T155542.982.jpeg,bamboo,1
bamboo\images - 2023-04-18T155547.501.jpeg,bamboo,1
bamboo\images - 2023-04-18T155551.781.jpeg,bamboo,1
bamboo\images - 2023-04-18T155555.100.jpeg,bamboo,1
bamboo\images - 2023-04-18T155559.584.jpeg,bamboo,1
bamboo\images - 2023-04-18T155603.920.jpeg,bamboo,1
bamboo\images - 2023-04-18T155608.481.jpeg,bamboo,1
bamboo\images - 2023-04-18T155611.621.jpeg,bamboo,1
bamboo\images - 2023-04-18T155618.060.jpeg,bamboo,1
bamboo\images - 2023-04-18T155621.574.jpeg,bamboo,1
bamboo\images - 2023-04-18T155627.501.jpeg,bamboo,1
bamboo\images - 2023-04-18T155633.042.jpeg,bamboo,1
bamboo\images - 2023-04-18T155637.573.jpeg,bamboo,1
bamboo\images - 2023-04-18T155642.619.jpeg,bamboo,1
bamboo\images - 2023-04-18T155645.352.jpeg,bamboo,1
bamboo\images - 2023-04-18T155649.099.jpeg,bamboo,1
bamboo\images - 2023-04-18T155651.965.jpeg,bamboo,1
bamboo\images - 2023-04-18T155655.725.jpeg,bamboo,1
bamboo\images - 2023-04-18T155736.123.jpeg,bamboo,1
bamboo\images - 2023-04-18T155739.578.jpeg,bamboo,1
bamboo\images - 2023-04-18T155802.599.jpeg,bamboo,1
bamboo\images - 2023-04-18T155805.993.jpeg,bamboo,1
bamboo\images - 2023-04-18T155809.974.jpeg,bamboo,1
bamboo\images - 2023-04-18T155812.955.jpeg,bamboo,1
bamboo\images - 2023-04-18T155816.754.jpeg,bamboo,1
bamboo\images - 2023-04-18T155822.571.jpeg,bamboo,1
bamboo\images - 2023-04-18T155828.637.jpeg,bamboo,1
bamboo\images - 2023-04-18T155833.098.jpeg,bamboo,1
bamboo\images - 2023-04-18T155838.744.jpeg,bamboo,1
bamboo\images - 2023-04-18T155852.754.jpeg,bamboo,1
bamboo\images - 2023-04-18T155859.040.jpeg,bamboo,1
bamboo\images - 2023-04-18T155903.018.jpeg,bamboo,1
bamboo\images - 2023-04-18T155906.559.jpeg,bamboo,1
bamboo\images - 2023-04-18T155909.693.jpeg,bamboo,1
bamboo\images - 2023-04-18T155912.823.jpeg,bamboo,1
bamboo\images - 2023-04-18T155918.262.jpeg,bamboo,1
bamboo\images - 2023-04-18T155924.746.jpeg,bamboo,1
bamboo\images - 2023-04-18T155928.272.jpeg,bamboo,1
bamboo\images - 2023-04-18T155930.841.jpeg,bamboo,1
bamboo\images - 2023-04-18T155935.045.jpeg,bamboo,1
bamboo\images - 2023-04-18T155944.374.jpeg,bamboo,1
bamboo\images - 2023-04-18T155954.162.jpeg,bamboo,1
bamboo\images - 2023-04-18T160000.367.jpeg,bamboo,1
bamboo\images - 2023-04-18T160007.763.jpeg,bamboo,1
bamboo\images - 2023-04-18T160013.653.jpeg,bamboo,1
bamboo\images - 2023-04-18T160018.075.jpeg,bamboo,1
bamboo\images - 2023-04-18T160025.817.jpeg,bamboo,1
bamboo\images - 2023-04-18T160038.533.jpeg,bamboo,1
bamboo\images - 2023-04-18T160041.300.jpeg,bamboo,1
bamboo\images - 2023-04-18T160044.178.jpeg,bamboo,1
bamboo\images - 2023-04-18T160048.573.jpeg,bamboo,1
bamboo\images - 2023-04-18T160052.023.jpeg,bamboo,1
bamboo\images - 2023-04-18T160056.077.jpeg,bamboo,1
bamboo\images - 2023-04-18T160103.893.jpeg,bamboo,1
bamboo\images - 2023-04-18T160107.112.jpeg,bamboo,1
bamboo\images - 2023-04-18T160112.072.jpeg,bamboo,1
bamboo\images - 2023-04-18T160117.409.jpeg,bamboo,1
bamboo\images - 2023-04-18T160120.871.jpeg,bamboo,1
bamboo\images - 2023-04-18T160134.829.jpeg,bamboo,1
bamboo\images - 2023-04-18T160139.332.jpeg,bamboo,1
bamboo\images - 2023-04-18T160143.120.jpeg,bamboo,1
bamboo\images - 2023-04-18T160148.523.jpeg,bamboo,1
bamboo\images - 2023-04-18T160152.056.jpeg,bamboo,1
bamboo\images - 2023-04-18T160155.642.jpeg,bamboo,1
bamboo\images - 2023-04-18T160158.767.jpeg,bamboo,1
bamboo\images - 2023-04-18T160204.759.jpeg,bamboo,1
bamboo\images - 2023-04-18T160207.591.jpeg,bamboo,1
bamboo\images - 2023-04-18T160210.306.jpeg,bamboo,1
bamboo\images - 2023-04-18T160214.276.jpeg,bamboo,1
bamboo\images - 2023-04-18T160219.171.jpeg,bamboo,1
bamboo\images - 2023-04-18T160223.329.jpeg,bamboo,1
bamboo\images - 2023-04-18T160229.527.jpeg,bamboo,1
bamboo\images - 2023-04-18T160233.481.jpeg,bamboo,1
bamboo\images - 2023-04-18T160259.659.jpeg,bamboo,1
bamboo\images - 2023-04-18T160401.390.jpeg,bamboo,1
bamboo\images - 2023-04-18T160415.610.jpeg,bamboo,1
bamboo\images - 2023-04-18T160418.910.jpeg,bamboo,1
bamboo\images - 2023-04-18T160421.600.jpeg,bamboo,1
bamboo\images - 2023-04-18T160426.240.jpeg,bamboo,1
bamboo\images - 2023-04-18T160429.485.jpeg,bamboo,1
bamboo\images - 2023-04-18T160433.219.jpeg,bamboo,1
bamboo\images - 2023-04-18T160448.200.jpeg,bamboo,1
bamboo\images - 2023-04-18T160452.180.jpeg,bamboo,1
bamboo\images - 2023-04-18T160455.106.jpeg,bamboo,1
bamboo\images - 2023-04-18T160458.634.jpeg,bamboo,1
bamboo\images - 2023-04-18T160502.271.jpeg,bamboo,1
bamboo\images - 2023-04-18T160507.428.jpeg,bamboo,1
bamboo\images - 2023-04-18T160511.979.jpeg,bamboo,1
bamboo\images - 2023-04-18T160516.600.jpeg,bamboo,1
bamboo\images - 2023-04-18T160523.277.jpeg,bamboo,1
bamboo\images - 2023-04-18T160527.638.jpeg,bamboo,1
bamboo\images - 2023-04-18T160531.339.jpeg,bamboo,1
bamboo\images - 2023-04-18T160535.160.jpeg,bamboo,1
bamboo\images - 2023-04-18T160537.940.jpeg,bamboo,1
bamboo\images - 2023-04-18T160541.980.jpeg,bamboo,1
bamboo\images - 2023-04-18T160545.999.jpeg,bamboo,1
bamboo\images - 2023-04-18T160551.077.jpeg,bamboo,1
bamboo\images - 2023-04-18T160554.599.jpeg,bamboo,1
bamboo\images - 2023-04-18T160558.440.jpeg,bamboo,1
bamboo\images - 2023-04-18T160601.969.jpeg,bamboo,1
bamboo\images - 2023-04-18T160606.279.jpeg,bamboo,1
bamboo\images - 2023-04-18T160613.174.jpeg,bamboo,1
bamboo\images - 2023-04-18T160626.124.jpeg,bamboo,1
bamboo\images - 2023-04-18T160636.229.jpeg,bamboo,1
bamboo\images - 2023-04-18T160639.640.jpeg,bamboo,1
bamboo\images - 2023-04-18T160643.493.jpeg,bamboo,1
bamboo\images - 2023-04-18T160647.253.jpeg,bamboo,1
bamboo\images - 2023-04-18T160650.341.jpeg,bamboo,1
bamboo\images - 2023-04-18T160653.918.jpeg,bamboo,1
bamboo\images - 2023-04-18T160658.379.jpeg,bamboo,1
bamboo\images - 2023-04-18T160708.035.jpeg,bamboo,1
bamboo\images - 2023-04-18T160712.607.jpeg,bamboo,1
bamboo\images - 2023-04-18T160722.798.jpeg,bamboo,1
bamboo\images - 2023-04-18T160727.379.jpeg,bamboo,1
bamboo\images - 2023-04-18T160754.830.jpeg,bamboo,1
bamboo\images - 2023-04-18T160758.266.jpeg,bamboo,1
bamboo\images - 2023-04-18T160801.501.jpeg,bamboo,1
bamboo\images - 2023-04-18T160804.798.jpeg,bamboo,1
bamboo\images - 2023-04-18T160808.497.jpeg,bamboo,1
bamboo\images - 2023-04-18T160811.742.jpeg,bamboo,1
bamboo\images - 2023-04-18T160816.252.jpeg,bamboo,1
bamboo\images - 2023-04-18T160820.342.jpeg,bamboo,1
bamboo\images - 2023-04-18T160823.853.jpeg,bamboo,1
bamboo\images - 2023-04-18T160828.527.jpeg,bamboo,1
bamboo\images - 2023-04-18T160832.988.jpeg,bamboo,1
bamboo\images - 2023-04-18T160837.302.jpeg,bamboo,1
bamboo\images - 2023-04-18T160841.322.jpeg,bamboo,1
bamboo\images - 2023-04-18T160845.437.jpeg,bamboo,1
bamboo\images - 2023-04-18T160849.787.jpeg,bamboo,1
bamboo\images - 2023-04-18T160853.747.jpeg,bamboo,1
bamboo\images - 2023-04-18T160856.927.jpeg,bamboo,1
bamboo\images - 2023-04-18T160900.938.jpeg,bamboo,1
bamboo\images - 2023-04-18T160904.647.jpeg,bamboo,1
bamboo\images - 2023-04-18T160908.522.jpeg,bamboo,1
bamboo\images - 2023-04-18T160911.450.jpeg,bamboo,1
bamboo\images - 2023-04-18T160915.092.jpeg,bamboo,1
bamboo\images - 2023-04-18T160922.147.jpeg,bamboo,1
bamboo\images - 2023-04-18T160927.262.jpeg,bamboo,1
bamboo\images - 2023-04-18T160931.088.jpeg,bamboo,1
bamboo\images - 2023-04-18T160935.128.jpeg,bamboo,1
bamboo\images - 2023-04-18T160949.244.jpeg,bamboo,1
bamboo\images - 2023-04-18T160955.632.jpeg,bamboo,1
bamboo\images - 2023-04-18T160959.048.jpeg,bamboo,1
bamboo\images - 2023-04-18T161004.487.jpeg,bamboo,1
bamboo\images - 2023-04-18T161013.127.jpeg,bamboo,1
bamboo\images - 2023-04-18T161017.244.jpeg,bamboo,1
bamboo\images - 2023-04-18T161024.727.jpeg,bamboo,1
bamboo\images - 2023-04-18T161029.722.jpeg,bamboo,1
bamboo\images - 2023-04-18T161039.008.jpeg,bamboo,1
bamboo\images - 2023-04-18T161042.960.jpeg,bamboo,1
bamboo\images - 2023-04-18T161047.725.jpeg,bamboo,1
bamboo\images - 2023-04-18T161052.165.jpeg,bamboo,1
bamboo\images - 2023-04-18T161056.882.jpeg,bamboo,1
bamboo\images - 2023-04-18T161103.264.jpeg,bamboo,1
bamboo\images - 2023-04-18T161107.266.jpeg,bamboo,1
bamboo\images.jpeg,bamboo,1
bamboo\images.png,bamboo,1
bamboo\istockphoto-1004154372-612x612.jpg,bamboo,1
bamboo\istockphoto-104091123-612x612.jpg,bamboo,1
bamboo\istockphoto-1067567170-612x612.jpg,bamboo,1
bamboo\istockphoto-1141680028-612x612.jpg,bamboo,1
bamboo\istockphoto-1150452214-612x612.jpg,bamboo,1
bamboo\istockphoto-1159641071-612x612.jpg,bamboo,1
bamboo\istockphoto-1169869502-612x612.jpg,bamboo,1
bamboo\istockphoto-117150691-612x612.jpg,bamboo,1
bamboo\istockphoto-1171654941-612x612.jpg,bamboo,1
bamboo\istockphoto-1171675803-612x612.jpg,bamboo,1
bamboo\istockphoto-1178346344-612x612.jpg,bamboo,1
bamboo\istockphoto-1185642011-612x612.jpg,bamboo,1
bamboo\istockphoto-1187040447-612x612.jpg,bamboo,1
bamboo\istockphoto-1197274408-612x612.jpg,bamboo,1
bamboo\istockphoto-1201871595-612x612.jpg,bamboo,1
bamboo\istockphoto-1203096809-612x612.jpg,bamboo,1
bamboo\istockphoto-1204120218-612x612.jpg,bamboo,1
bamboo\istockphoto-1211392923-612x612.jpg,bamboo,1
bamboo\istockphoto-1213648709-612x612.jpg,bamboo,1
bamboo\istockphoto-1239283026-612x612.jpg,bamboo,1
bamboo\istockphoto-1252966289-612x612.jpg,bamboo,1
bamboo\istockphoto-1256073327-612x612.jpg,bamboo,1
bamboo\istockphoto-1266634173-612x612.jpg,bamboo,1
bamboo\istockphoto-1273119363-612x612.jpg,bamboo,1
bamboo\istockphoto-1276915992-612x612.jpg,bamboo,1
bamboo\istockphoto-1279694823-612x612.jpg,bamboo,1
bamboo\istockphoto-1281478799-612x612.jpg,bamboo,1
bamboo\istockphoto-1284629923-612x612.jpg,bamboo,1
bamboo\istockphoto-1286765499-612x612.jpg,bamboo,1
bamboo\istockphoto-1296694374-612x612.jpg,bamboo,1
bamboo\istockphoto-1312461606-612x612.jpg,bamboo,1
bamboo\istockphoto-1312953630-612x612.jpg,bamboo,1
bamboo\istockphoto-1321919877-612x612.jpg,bamboo,1
bamboo\istockphoto-1325860534-612x612.jpg,bamboo,1
bamboo\istockphoto-1347053513-612x612.jpg,bamboo,1
bamboo\istockphoto-1348936428-612x612.jpg,bamboo,1
bamboo\istockphoto-1369480374-612x612.jpg,bamboo,1
bamboo\istockphoto-1398259669-612x612.jpg,bamboo,1
bamboo\istockphoto-146916718-612x612.jpg,bamboo,1
bamboo\istockphoto-171114969-612x612.jpg,bamboo,1
bamboo\istockphoto-172254844-612x612.jpg,bamboo,1
bamboo\istockphoto-172643063-612x612.jpg,bamboo,1
bamboo\istockphoto-172898885-612x612.jpg,bamboo,1
bamboo\istockphoto-175009379-612x612.jpg,bamboo,1
bamboo\istockphoto-179047133-612x612.jpg,bamboo,1
bamboo\istockphoto-457383073-612x612.jpg,bamboo,1
bamboo\istockphoto-473778088-612x612.jpg,bamboo,1
bamboo\istockphoto-480915288-612x612.jpg,bamboo,1
bamboo\istockphoto-491521421-612x612.jpg,bamboo,1
bamboo\istockphoto-498615383-612x612.jpg,bamboo,1
bamboo\istockphoto-505849036-612x612.jpg,bamboo,1
bamboo\istockphoto-531254610-612x612.jpg,bamboo,1
bamboo\istockphoto-534456534-612x612.jpg,bamboo,1
bamboo\istockphoto-537810306-612x612.jpg,bamboo,1
bamboo\istockphoto-539665884-612x612.jpg,bamboo,1
bamboo\istockphoto-542068224-612x612.jpg,bamboo,1
bamboo\istockphoto-542217194-612x612.jpg,bamboo,1
bamboo\istockphoto-589566952-612x612.jpg,bamboo,1
bamboo\istockphoto-677481382-612x612.jpg,bamboo,1
bamboo\istockphoto-833913460-612x612 (1).jpg,bamboo,1
bamboo\istockphoto-833913460-612x612.jpg,bamboo,1
bamboo\istockphoto-911347780-612x612.jpg,bamboo,1
bamboo\istockphoto-915785212-612x612.jpg,bamboo,1
bamboo\istockphoto-931429246-612x612.jpg,bamboo,1
bamboo\istockphoto-942596704-612x612.jpg,bamboo,1
bamboo\istockphoto-956401782-612x612.jpg,bamboo,1
bamboo\istockphoto-962839326-612x612.jpg,bamboo,1
bamboo\istockphoto-971117496-612x612.jpg,bamboo,1
hibiscous\download (10).jpg,hibiscous,2
hibiscous\download (11).jpg,hibiscous,2
hibiscous\download (12).jpg,hibiscous,2
hibiscous\download (13).jpg,hibiscous,2
hibiscous\download (14).jpg,hibiscous,2
hibiscous\download (15).jpg,hibiscous,2
hibiscous\download (3).jpg,hibiscous,2
hibiscous\download (4).jpg,hibiscous,2
hibiscous\download (5).jpg,hibiscous,2
hibiscous\download (6).jpg,hibiscous,2
hibiscous\download (7).jpg,hibiscous,2
hibiscous\download (8).jpg,hibiscous,2
hibiscous\download (9).jpg,hibiscous,2
hibiscous\download.jpg,hibiscous,2
hibiscous\Hibiscus1.jpeg (1).1.jpg,hibiscous,2
hibiscous\Hibiscus1.jpeg (1).jpg,hibiscous,2
hibiscous\Hibiscus1.jpeg (10).jpg,hibiscous,2
hibiscous\Hibiscus1.jpeg (100).jpg,hibiscous,2
hibiscous\Hibiscus1.jpeg (11).jpg,hibiscous,2
hibiscous\Hibiscus1.jpeg (12).jpg,hibiscous,2
hibiscous\Hibiscus1.jpeg (13).jpg,hibiscous,2
hibiscous\Hibiscus1.jpeg (14).jpg,hibiscous,2
hibiscous\Hibiscus1.jpeg (15).jpg,hibiscous,2
hibiscous\Hibiscus1.jpeg (16).jpg,hibiscous,2
hibiscous\Hibiscus1.jpeg (17).jpg,hibiscous,2
hibiscous\Hibiscus1.jpeg (19).jpg,hibiscous,2
hibiscous\Hibiscus1.jpeg (2).jpg,hibiscous,2
hibiscous\Hibiscus1.jpeg (20).jpg,hibiscous,2
hibiscous\Hibiscus1.jpeg (21).jpg,hibiscous,2
hibiscous\Hibiscus1.jpeg (22).jpg,hibiscous,2
hibiscous\Hibiscus1.jpeg (23).jpg,hibiscous,2
hibiscous\Hibiscus1.jpeg (24).jpg,hibiscous,2
hibiscous\Hibiscus1.jpeg (25).jpg,hibiscous,2
hibiscous\Hibiscus1.jpeg (26).jpg,hibiscous,2
hibiscous\Hibiscus1.jpeg (27).jpg,hibiscous,2
hibiscous\Hibiscus1.jpeg (28).jpg,hibiscous,2
hibiscous\Hibiscus1.jpeg (29).jpg,hibiscous,2
hibiscous\Hibiscus1.jpeg (3).jpg,hibiscous,2
hibiscous\Hibiscus1.jpeg (30).jpg,hibiscous,2
hibiscous\Hibiscus1.jpeg (31).jpg,hibiscous,2
hibiscous\Hibiscus1.jpeg (32).jpg,hibiscous,2
hibiscous\Hibiscus1.jpeg (33).jpg,hibiscous,2
hibiscous\Hibiscus1.jpeg (34).jpg,hibiscous,2
hibiscous\Hibiscus1.jpeg (35).jpg,hibiscous,2
hibiscous\Hibiscus1.jpeg (36).jpg,hibiscous,2
hibiscous\Hibiscus1.jpeg (37).jpg,hibiscous,2
hibiscous\Hibiscus1.jpeg (38).jpg,hibiscous,2
hibiscous\Hibiscus1.jpeg (39).jpg,hibiscous,2
hibiscous\Hibiscus1.jpeg (4).jpg,hibiscous,2
hibiscous\Hibiscus1.jpeg (40).jpg,hibiscous,2
hibiscous\Hibiscus1.jpeg (41).jpg,hibiscous,2
hibiscous\Hibiscus1.jpeg (42).jpg,hibiscous,2
hibiscous\Hibiscus1.jpeg (43).jpg,hibiscous,2
hibiscous\Hibiscus1.jpeg (44).jpg,hibiscous,2
hibiscous\Hibiscus1.jpeg (45).jpg,hibiscous,2
hibiscous\Hibiscus1.jpeg (46).jpg,hibiscous,2
hibiscous\Hibiscus1.jpeg (47).jpg,hibiscous,2
hibiscous\Hibiscus1.jpeg (48).jpg,hibiscous,2
hibiscous\Hibiscus1.jpeg (49).jpg,hibiscous,2
hibiscous\Hibiscus1.jpeg (5).jpg,hibiscous,2
hibiscous\Hibiscus1.jpeg (50).jpg,hibiscous,2
hibiscous\Hibiscus1.jpeg (51).jpg,hibiscous,2
hibiscous\Hibiscus1.jpeg (52).jpg,hibiscous,2
hibiscous\Hibiscus1.jpeg (53).jpg,hibiscous,2
hibiscous\Hibiscus1.jpeg (54).jpg,hibiscous,2
hibiscous\Hibiscus1.jpeg (55).jpg,hibiscous,2
hibiscous\Hibiscus1.jpeg (56).jpg,hibiscous,2
hibiscous\Hibiscus1.jpeg (57).jpg,hibiscous,2
hibiscous\Hibiscus1.jpeg (58).jpg,hibiscous,2
hibiscous\Hibiscus1.jpeg (59).jpg,hibiscous,2
hibiscous\Hibiscus1.jpeg (6).jpg,hibiscous,2
hibiscous\Hibiscus1.jpeg (60).jpg,hibiscous,2
hibiscous\Hibiscus1.jpeg (61).jpg,hibiscous,2
hibiscous\Hibiscus1.jpeg (62).jpg,hibiscous,2
hibiscous\Hibiscus1.jpeg (63).jpg,hibiscous,2
hibiscous\Hibiscus1.jpeg (64).jpg,hibiscous,2
hibiscous\Hibiscus1.jpeg (65).jpg,hibiscous,2
hibiscous\Hibiscus1.jpeg (66).jpg,hibiscous,2
hibiscous\Hibiscus1.jpeg (67).jpg,hibiscous,2
hibiscous\Hibiscus1.jpeg (68).jpg,hibiscous,2
hibiscous\Hibiscus1.jpeg (69).jpg,hibiscous,2
hibiscous\Hibiscus1.jpeg (7).jpg,hibiscous,2
hibiscous\Hibiscus1.jpeg (70).jpg,hibiscous,2
hibiscous\Hibiscus1.jpeg (71).jpg,hibiscous,2
hibiscous\Hibiscus1.jpeg (72).jpg,hibiscous,2
hibiscous\Hibiscus1.jpeg (73).jpg,hibiscous,2
hibiscous\Hibiscus1.jpeg (74).jpg,hibiscous,2
hibiscous\Hibiscus1.jpeg (75).jpg,hibiscous,2
hibiscous\Hibiscus1.jpeg (76).jpg,hibiscous,2
hibiscous\Hibiscus1.jpeg (77).jpg,hibiscous,2
hibiscous\Hibiscus1.jpeg (78).jpg,hibiscous,2
hibiscous\Hibiscus1.jpeg (79).jpg,hibiscous,2
hibiscous\Hibiscus1.jpeg (8).jpg,hibiscous,2
hibiscous\Hibiscus1.jpeg (80).jpg,hibiscous,2
hibiscous\Hibiscus1.jpeg (81).jpg,hibiscous,2
hibiscous\Hibiscus1.jpeg (82).jpg,hibiscous,2
hibiscous\Hibiscus1.jpeg (83).jpg,hibiscous,2
hibiscous\Hibiscus1.jpeg (84).jpg,hibiscous,2
hibiscous\Hibiscus1.jpeg (85).jpg,hibiscous,2
hibiscous\Hibiscus1.jpeg (86).jpg,hibiscous,2
hibiscous\Hibiscus1.jpeg (87).jpg,hibiscous,2
hibiscous\Hibiscus1.jpeg (88).jpg,hibiscous,2
hibiscous\Hibiscus1.jpeg (89).jpg,hibiscous,2
hibiscous\Hibiscus1.jpeg (9).jpg,hibiscous,2
hibiscous\Hibiscus1.jpeg (90).jpg,hibiscous,2
hibiscous\Hibiscus1.jpeg (91).jpg,hibiscous,2
hibiscous\Hibiscus1.jpeg (92).jpg,hibiscous,2
hibiscous\Hibiscus1.jpeg (93).jpg,hibiscous,2
hibiscous\Hibiscus1.jpeg (94).jpg,hibiscous,2
hibiscous\Hibiscus1.jpeg (95).jpg,hibiscous,2
hibiscous\Hibiscus1.jpeg (96).jpg,hibiscous,2
hibiscous\Hibiscus1.jpeg (97).jpg,hibiscous,2
hibiscous\Hibiscus1.jpeg (98).jpg,hibiscous,2
hibiscous\Hibiscus1.jpeg (99).jpg,hibiscous,2
hibiscous\Hibiscus1.jpeg - 2023-04-17T183242.948.jpg,hibiscous,2
hibiscous\Hibiscus1.jpeg - 2023-04-17T183242.950.jpg,hibiscous,2
hibiscous\Hibiscus1.jpeg - 2023-04-17T183242.952.jpg,hibiscous,2
hibiscous\Hibiscus1.jpeg - 2023-04-17T183242.954.jpg,hibiscous,2
hibiscous\Hibiscus1.jpeg - 2023-04-17T183242.958.jpg,hibiscous,2
hibiscous\Hibiscus1.jpeg - 2023-04-17T183242.961.jpg,hibiscous,2
hibiscous\Hibiscus1.jpeg - 2023-04-17T183242.963.jpg,hibiscous,2
hibiscous\Hibiscus1.jpeg - 2023-04-17T183242.965.jpg,hibiscous,2
hibiscous\Hibiscus1.jpeg - 2023-04-17T183242.967.jpg,hibiscous,2
hibiscous\Hibiscus1.jpeg - 2023-04-17T183242.968.jpg,hibiscous,2
hibiscous\Hibiscus1.jpeg - 2023-04-17T183242.973.jpg,hibiscous,2
hibiscous\Hibiscus1.jpeg - 2023-04-17T183242.974.jpg,hibiscous,2
hibiscous\Hibiscus1.jpeg - 2023-04-17T183242.976.jpg,hibiscous,2
hibiscous\Hibiscus1.jpeg - 2023-04-17T183242.978.jpg,hibiscous,2
hibiscous\Hibiscus1.jpeg - 2023-04-17T183242.981.jpg,hibiscous,2
hibiscous\Hibiscus1.jpeg - 2023-04-17T183242.982.jpg,hibiscous,2
hibiscous\Hibiscus1.jpeg - 2023-04-17T183242.983.jpg,hibiscous,2
hibiscous\Hibiscus1.jpeg - 2023-04-17T183242.984.jpg,hibiscous,2
hibiscous\Hibiscus1.jpeg - 2023-04-17T183242.987.jpg,hibiscous,2
hibiscous\Hibiscus1.jpeg - 2023-04-17T183242.988.jpg,hibiscous,2
hibiscous\Hibiscus1.jpeg - 2023-04-17T183242.989.jpg,hibiscous,2
hibiscous\Hibiscus1.jpeg - 2023-04-17T183242.991.jpg,hibiscous,2
hibiscous\Hibiscus1.jpeg - 2023-04-17T183245.238.jpg,hibiscous,2
hibiscous\Hibiscus1.jpeg - 2023-04-17T183245.253.jpg,hibiscous,2
hibiscous\Hibiscus1.jpeg - 2023-04-17T183245.257.jpg,hibiscous,2
hibiscous\Hibiscus1.jpeg - 2023-04-17T183245.258.jpg,hibiscous,2
hibiscous\Hibiscus1.jpeg - 2023-04-17T183245.526.jpg,hibiscous,2
hibiscous\Hibiscus1.jpeg - 2023-04-17T183245.528.jpg,hibiscous,2
hibiscous\Hibiscus1.jpeg - 2023-04-17T183245.529.jpg,hibiscous,2
hibiscous\Hibiscus1.jpeg - 2023-04-17T183245.530.jpg,hibiscous,2
hibiscous\Hibiscus1.jpeg - 2023-04-17T183245.532.jpg,hibiscous,2
hibiscous\Hibiscus1.jpeg - 2023-04-17T183245.533.jpg,hibiscous,2
hibiscous\Hibiscus1.jpeg - 2023-04-17T183245.553.jpg,hibiscous,2
hibiscous\Hibiscus1.jpeg - 2023-04-17T183245.557.jpg,hibiscous,2
hibiscous\Hibiscus1.jpeg - 2023-04-17T183245.564.jpg,hibiscous,2
hibiscous\Hibiscus1.jpeg - 2023-04-17T183245.629.jpg,hibiscous,2
hibiscous\Hibiscus1.jpeg - 2023-04-17T183245.640.jpg,hibiscous,2
hibiscous\Hibiscus1.jpeg - 2023-04-17T183249.220.jpg,hibiscous,2
hibiscous\Hibiscus1.jpeg - 2023-04-17T183249.227.jpg,hibiscous,2
hibiscous\Hibiscus1.jpeg - 2023-04-17T183250.061.jpg,hibiscous,2
hibiscous\Hibiscus1.jpeg - 2023-04-17T183250.068.jpg,hibiscous,2
hibiscous\Hibiscus1.jpeg - 2023-04-17T183250.087.jpg,hibiscous,2
hibiscous\Hibiscus1.jpeg - 2023-04-17T183250.093.jpg,hibiscous,2
hibiscous\Hibiscus1.jpeg - 2023-04-17T183250.107.jpg,hibiscous,2
hibiscous\Hibiscus1.jpeg - 2023-04-17T183250.112.jpg,hibiscous,2
hibiscous\Hibiscus1.jpeg - 2023-04-17T183250.116.jpg,hibiscous,2
hibiscous\Hibiscus1.jpeg - 2023-04-17T183250.121.jpg,hibiscous,2
hibiscous\Hibiscus1.jpeg - 2023-04-17T183250.127.jpg,hibiscous,2
hibiscous\Hibiscus1.jpeg - 2023-04-17T183250.128.jpg,hibiscous,2
hibiscous\Hibiscus1.jpeg - 2023-04-17T183250.134.jpg,hibiscous,2
hibiscous\Hibiscus1.jpeg - 2023-04-17T183250.141.jpg,hibiscous,2
hibiscous\Hibiscus1.jpeg - 2023-04-17T183250.144.jpg,hibiscous,2
hibiscous\Hibiscus1.jpeg - 2023-04-17T183250.157.jpg,hibiscous,2
hibiscous\Hibiscus1.jpeg - 2023-04-17T183250.160.jpg,hibiscous,2
hibiscous\Hibiscus1.jpeg - 2023-04-17T183250.169.jpg,hibiscous,2
hibiscous\Hibiscus1.jpeg - 2023-04-17T183250.173.jpg,hibiscous,2
hibiscous\Hibiscus1.jpeg - 2023-04-17T183250.176.jpg,hibiscous,2
hibiscous\Hibiscus1.jpeg - 2023-04-17T183250.178.jpg,hibiscous,2
hibiscous\Hibiscus1.jpeg - 2023-04-17T183250.184.jpg,hibiscous,2
hibiscous\Hibiscus1.jpeg - 2023-04-17T183250.188.jpg,hibiscous,2
hibiscous\Hibiscus1.jpeg - 2023-04-17T183250.193.jpg,hibiscous,2
hibiscous\Hibiscus1.jpeg - 2023-04-17T183250.198.jpg,hibiscous,2
hibiscous\Hibiscus1.jpeg - 2023-04-17T183250.211.jpg,hibiscous,2
hibiscous\Hibiscus1.jpeg - 2023-04-17T183250.255.jpg,hibiscous,2
hibiscous\Hibiscus1.jpeg - 2023-04-17T183250.295.jpg,hibiscous,2
hibiscous\Hibiscus1.jpeg - 2023-04-17T183250.316.jpg,hibiscous,2
hibiscous\Hibiscus1.jpeg - 2023-04-17T183250.322.jpg,hibiscous,2
hibiscous\Hibiscus1.jpeg - 2023-04-17T183250.325.jpg,hibiscous,2
hibiscous\Hibiscus1.jpeg - 2023-04-17T183250.341.jpg,hibiscous,2
hibiscous\Hibiscus1.jpeg - 2023-04-17T183250.359.jpg,hibiscous,2
hibiscous\Hibiscus1.jpeg - 2023-04-17T183250.364.jpg,hibiscous,2
hibiscous\Hibiscus1.jpeg - 2023-04-17T183250.366.jpg,hibiscous,2
hibiscous\Hibiscus1.jpeg - 2023-04-17T183256.853.jpg,hibiscous,2
hibiscous\Hibiscus1.jpeg.1.jpg,hibiscous,2
hibiscous\Hibiscus1.jpeg.jpg,hibiscous,2
hibiscous\Hibiscus2.jpg,hibiscous,2
hibiscous\Hibiscus3.jpeg (1).1.jpg,hibiscous,2
hibiscous\Hibiscus3.jpeg (1).jpg,hibiscous,2
hibiscous\Hibiscus3.jpeg (10).jpg,hibiscous,2
hibiscous\Hibiscus3.jpeg (100).jpg,hibiscous,2
hibiscous\Hibiscus3.jpeg (11).jpg,hibiscous,2
hibiscous\Hibiscus3.jpeg (12).jpg,hibiscous,2
hibiscous\Hibiscus3.jpeg (13).jpg,hibiscous,2
hibiscous\Hibiscus3.jpeg (14).jpg,hibiscous,2
hibiscous\Hibiscus3.jpeg (15).jpg,hibiscous,2
hibiscous\Hibiscus3.jpeg (17).jpg,hibiscous,2
hibiscous\Hibiscus3.jpeg (18).jpg,hibiscous,2
hibiscous\Hibiscus3.jpeg (19).jpg,hibiscous,2
hibiscous\Hibiscus3.jpeg (2).jpg,hibiscous,2
hibiscous\Hibiscus3.jpeg (20).jpg,hibiscous,2
hibiscous\Hibiscus3.jpeg (21).jpg,hibiscous,2
hibiscous\Hibiscus3.jpeg (22).jpg,hibiscous,2
hibiscous\Hibiscus3.jpeg (24).jpg,hibiscous,2
hibiscous\Hibiscus3.jpeg (25).jpg,hibiscous,2
hibiscous\Hibiscus3.jpeg (26).jpg,hibiscous,2
hibiscous\Hibiscus3.jpeg (27).jpg,hibiscous,2
hibiscous\Hibiscus3.jpeg (28).jpg,hibiscous,2
hibiscous\Hibiscus3.jpeg (29).jpg,hibiscous,2
hibiscous\Hibiscus3.jpeg (3).jpg,hibiscous,2
hibiscous\Hibiscus3.jpeg (30).jpg,hibiscous,2
hibiscous\Hibiscus3.jpeg (35).jpg,hibiscous,2
hibiscous\Hibiscus3.jpeg (37).jpg,hibiscous,2
hibiscous\Hibiscus3.jpeg (38).jpg,hibiscous,2
hibiscous\Hibiscus3.jpeg (39).jpg,hibiscous,2
hibiscous\Hibiscus3.jpeg (4).jpg,hibiscous,2
hibiscous\Hibiscus3.jpeg (40).jpg,hibiscous,2
hibiscous\Hibiscus3.jpeg (41).jpg,hibiscous,2
hibiscous\Hibiscus3.jpeg (43).jpg,hibiscous,2
hibiscous\Hibiscus3.jpeg (44).jpg,hibiscous,2
hibiscous\Hibiscus3.jpeg (45).jpg,hibiscous,2
hibiscous\Hibiscus3.jpeg (46).jpg,hibiscous,2
hibiscous\Hibiscus3.jpeg (47).jpg,hibiscous,2
hibiscous\Hibiscus3.jpeg (48).jpg,hibiscous,2
hibiscous\Hibiscus3.jpeg (49).jpg,hibiscous,2
hibiscous\Hibiscus3.jpeg (50).jpg,hibiscous,2
hibiscous\Hibiscus3.jpeg (51).jpg,hibiscous,2
hibiscous\Hibiscus3.jpeg (52).jpg,hibiscous,2
hibiscous\Hibiscus3.jpeg (53).jpg,hibiscous,2
hibiscous\Hibiscus3.jpeg (54).jpg,hibiscous,2
hibiscous\Hibiscus3.jpeg (55).jpg,hibiscous,2
hibiscous\Hibiscus3.jpeg (57).jpg,hibiscous,2
hibiscous\Hibiscus3.jpeg (58).jpg,hibiscous,2
hibiscous\Hibiscus3.jpeg (59).jpg,hibiscous,2
hibiscous\Hibiscus3.jpeg (6).jpg,hibiscous,2
hibiscous\Hibiscus3.jpeg (60).jpg,hibiscous,2
hibiscous\Hibiscus3.jpeg (61).jpg,hibiscous,2
hibiscous\Hibiscus3.jpeg (62).jpg,hibiscous,2
hibiscous\Hibiscus3.jpeg (63).jpg,hibiscous,2
hibiscous\Hibiscus3.jpeg (64).jpg,hibiscous,2
hibiscous\Hibiscus3.jpeg (65).jpg,hibiscous,2
hibiscous\Hibiscus3.jpeg (66).jpg,hibiscous,2
hibiscous\Hibiscus3.jpeg (67).jpg,hibiscous,2
hibiscous\Hibiscus3.jpeg (68).jpg,hibiscous,2
hibiscous\Hibiscus3.jpeg (69).jpg,hibiscous,2
hibiscous\Hibiscus3.jpeg (7).jpg,hibiscous,2
hibiscous\Hibiscus3.jpeg (70).jpg,hibiscous,2
hibiscous\Hibiscus3.jpeg (71).jpg,hibiscous,2
hibiscous\Hibiscus3.jpeg (72).jpg,hibiscous,2
hibiscous\Hibiscus3.jpeg (73).jpg,hibiscous,2
hibiscous\Hibiscus3.jpeg (74).jpg,hibiscous,2
hibiscous\Hibiscus3.jpeg (75).jpg,hibiscous,2
hibiscous\Hibiscus3.jpeg (76).jpg,hibiscous,2
hibiscous\Hibiscus3.jpeg (77).jpg,hibiscous,2
hibiscous\Hibiscus3.jpeg (78).jpg,hibiscous,2
hibiscous\Hibiscus3.jpeg (79).jpg,hibiscous,2
hibiscous\Hibiscus3.jpeg (8).jpg,hibiscous,2
hibiscous\Hibiscus3.jpeg (80).jpg,hibiscous,2
hibiscous\Hibiscus3.jpeg (81).jpg,hibiscous,2
hibiscous\Hibiscus3.jpeg (82).jpg,hibiscous,2
hibiscous\Hibiscus3.jpeg (83).jpg,hibiscous,2
hibiscous\Hibiscus3.jpeg (84).jpg,hibiscous,2
hibiscous\Hibiscus3.jpeg (85).jpg,hibiscous,2
hibiscous\Hibiscus3.jpeg (86).jpg,hibiscous,2
hibiscous\Hibiscus3.jpeg (87).jpg,hibiscous,2
hibiscous\Hibiscus3.jpeg (88).jpg,hibiscous,2
hibiscous\Hibiscus3.jpeg (89).jpg,hibiscous,2
hibiscous\Hibiscus3.jpeg (9).jpg,hibiscous,2
hibiscous\Hibiscus3.jpeg (90).jpg,hibiscous,2
hibiscous\Hibiscus3.jpeg (91).jpg,hibiscous,2
hibiscous\Hibiscus3.jpeg (92).jpg,hibiscous,2
hibiscous\Hibiscus3.jpeg (93).jpg,hibiscous,2
hibiscous\Hibiscus3.jpeg (94).jpg,hibiscous,2
hibiscous\Hibiscus3.jpeg (95).jpg,hibiscous,2
hibiscous\Hibiscus3.jpeg (96).jpg,hibiscous,2
hibiscous\Hibiscus3.jpeg (97).jpg,hibiscous,2
hibiscous\Hibiscus3.jpeg (98).jpg,hibiscous,2
hibiscous\Hibiscus3.jpeg (99).jpg,hibiscous,2
hibiscous\Hibiscus3.jpeg - 2023-04-17T184055.056.jpg,hibiscous,2
hibiscous\Hibiscus3.jpeg - 2023-04-17T184055.058.jpg,hibiscous,2
hibiscous\Hibiscus3.jpeg - 2023-04-17T184055.060.jpg,hibiscous,2
hibiscous\Hibiscus3.jpeg - 2023-04-17T184055.061.jpg,hibiscous,2
hibiscous\Hibiscus3.jpeg - 2023-04-17T184055.074.jpg,hibiscous,2
hibiscous\Hibiscus3.jpeg - 2023-04-17T184055.076.jpg,hibiscous,2
hibiscous\Hibiscus3.jpeg - 2023-04-17T184055.082.jpg,hibiscous,2
hibiscous\Hibiscus3.jpeg - 2023-04-17T184055.085.jpg,hibiscous,2
hibiscous\Hibiscus3.jpeg - 2023-04-17T184055.092.jpg,hibiscous,2
hibiscous\Hibiscus3.jpeg - 2023-04-17T184055.095.jpg,hibiscous,2
hibiscous\Hibiscus3.jpeg - 2023-04-17T184055.102.jpg,hibiscous,2
hibiscous\Hibiscus3.jpeg - 2023-04-17T184055.111.jpg,hibiscous,2
hibiscous\Hibiscus3.jpeg - 2023-04-17T184055.119.jpg,hibiscous,2
hibiscous\Hibiscus3.jpeg.1.jpg,hibiscous,2
hibiscous\Hibiscus3.jpeg.jpg,hibiscous,2
hibiscous\Hibiscus4.jpeg (1).1.jpg,hibiscous,2
hibiscous\Hibiscus4.jpeg (1).jpg,hibiscous,2
hibiscous\Hibiscus4.jpeg (11).jpg,hibiscous,2
hibiscous\Hibiscus4.jpeg (12).jpg,hibiscous,2
hibiscous\Hibiscus4.jpeg (13).jpg,hibiscous,2
hibiscous\Hibiscus4.jpeg (14).jpg,hibiscous,2
hibiscous\Hibiscus4.jpeg (15).jpg,hibiscous,2
hibiscous\Hibiscus4.jpeg (16).jpg,hibiscous,2
hibiscous\Hibiscus4.jpeg (17).jpg,hibiscous,2
hibiscous\Hibiscus4.jpeg (18).jpg,hibiscous,2
hibiscous\Hibiscus4.jpeg (19).jpg,hibiscous,2
hibiscous\Hibiscus4.jpeg (2).jpg,hibiscous,2
hibiscous\Hibiscus4.jpeg (20).jpg,hibiscous,2
hibiscous\Hibiscus4.jpeg (21).jpg,hibiscous,2
hibiscous\Hibiscus4.jpeg (22).jpg,hibiscous,2
hibiscous\Hibiscus4.jpeg (23).jpg,hibiscous,2
hibiscous\Hibiscus4.jpeg (24).jpg,hibiscous,2
hibiscous\Hibiscus4.jpeg (25).jpg,hibiscous,2
hibiscous\Hibiscus4.jpeg (26).jpg,hibiscous,2
hibiscous\Hibiscus4.jpeg (27).jpg,hibiscous,2
hibiscous\Hibiscus4.jpeg (28).jpg,hibiscous,2
hibiscous\Hibiscus4.jpeg (29).jpg,hibiscous,2
hibiscous\Hibiscus4.jpeg (3).jpg,hibiscous,2
hibiscous\Hibiscus4.jpeg (30).jpg,hibiscous,2
hibiscous\Hibiscus4.jpeg (31).jpg,hibiscous,2
hibiscous\Hibiscus4.jpeg (32).jpg,hibiscous,2
hibiscous\Hibiscus4.jpeg (33).jpg,hibiscous,2
hibiscous\Hibiscus4.jpeg (37).jpg,hibiscous,2
hibiscous\Hibiscus4.jpeg (38).jpg,hibiscous,2
hibiscous\Hibiscus4.jpeg (39).jpg,hibiscous,2
hibiscous\Hibiscus4.jpeg (40).jpg,hibiscous,2
hibiscous\Hibiscus4.jpeg (41).jpg,hibiscous,2
hibiscous\Hibiscus4.jpeg (42).jpg,hibiscous,2
hibiscous\Hibiscus4.jpeg (43).jpg,hibiscous,2
hibiscous\Hibiscus4.jpeg (44).jpg,hibiscous,2
hibiscous\Hibiscus4.jpeg (45).jpg,hibiscous,2
hibiscous\Hibiscus4.jpeg (46).jpg,hibiscous,2
hibiscous\Hibiscus4.jpeg (47).jpg,hibiscous,2
hibiscous\Hibiscus4.jpeg (48).jpg,hibiscous,2
hibiscous\Hibiscus4.jpeg (49).jpg,hibiscous,2
hibiscous\Hibiscus4.jpeg (50).jpg,hibiscous,2
hibiscous\Hibiscus4.jpeg (51).jpg,hibiscous,2
hibiscous\Hibiscus4.jpeg (52).jpg,hibiscous,2
hibiscous\Hibiscus4.jpeg (53).jpg,hibiscous,2
hibiscous\Hibiscus4.jpeg (54).jpg,hibiscous,2
hibiscous\Hibiscus4.jpeg (55).jpg,hibiscous,2
hibiscous\Hibiscus4.jpeg (56).jpg,hibiscous,2
hibiscous\Hibiscus4.jpeg (57).jpg,hibiscous,2
hibiscous\Hibiscus4.jpeg (58).jpg,hibiscous,2
hibiscous\Hibiscus4.jpeg (59).jpg,hibiscous,2
hibiscous\Hibiscus4.jpeg (60).jpg,hibiscous,2
hibiscous\Hibiscus4.jpeg (61).jpg,hibiscous,2
hibiscous\Hibiscus4.jpeg (62).jpg,hibiscous,2
hibiscous\Hibiscus4.jpeg (63).jpg,hibiscous,2
hibiscous\Hibiscus4.jpeg (64).jpg,hibiscous,2
hibiscous\Hibiscus4.jpeg (65).jpg,hibiscous,2
hibiscous\Hibiscus4.jpeg (66).jpg,hibiscous,2
hibiscous\Hibiscus4.jpeg (67).jpg,hibiscous,2
hibiscous\Hibiscus4.jpeg (68).jpg,hibiscous,2
hibiscous\Hibiscus4.jpeg (69).jpg,hibiscous,2
hibiscous\Hibiscus4.jpeg (71).jpg,hibiscous,2
hibiscous\Hibiscus4.jpeg (72).jpg,hibiscous,2
hibiscous\Hibiscus4.jpeg (73).jpg,hibiscous,2
hibiscous\Hibiscus4.jpeg (74).jpg,hibiscous,2
hibiscous\Hibiscus4.jpeg (75).jpg,hibiscous,2
hibiscous\Hibiscus4.jpeg (76).jpg,hibiscous,2
hibiscous\Hibiscus4.jpeg (77).jpg,hibiscous,2
hibiscous\Hibiscus4.jpeg (78).jpg,hibiscous,2
hibiscous\Hibiscus4.jpeg (83).jpg,hibiscous,2
hibiscous\Hibiscus4.jpeg.jpg,hibiscous,2
hibiscous\Hibiscus5.jpeg (1).jpg,hibiscous,2
hibiscous\Hibiscus5.jpeg (10).jpg,hibiscous,2
hibiscous\Hibiscus5.jpeg (11).jpg,hibiscous,2
hibiscous\Hibiscus5.jpeg (12).jpg,hibiscous,2
hibiscous\Hibiscus5.jpeg (13).jpg,hibiscous,2
hibiscous\Hibiscus5.jpeg (14).jpg,hibiscous,2
hibiscous\Hibiscus5.jpeg (15).jpg,hibiscous,2
hibiscous\Hibiscus5.jpeg (16).jpg,hibiscous,2
hibiscous\Hibiscus5.jpeg (17).jpg,hibiscous,2
hibiscous\Hibiscus5.jpeg (18).jpg,hibiscous,2
hibiscous\Hibiscus5.jpeg (19).jpg,hibiscous,2
hibiscous\Hibiscus5.jpeg (2).jpg,hibiscous,2
hibiscous\Hibiscus5.jpeg (20).jpg,hibiscous,2
hibiscous\Hibiscus5.jpeg (21).jpg,hibiscous,2
hibiscous\Hibiscus5.jpeg (22).jpg,hibiscous,2
hibiscous\Hibiscus5.jpeg (23).jpg,hibiscous,2
hibiscous\Hibiscus5.jpeg (24).jpg,hibiscous,2
hibiscous\Hibiscus5.jpeg (25).jpg,hibiscous,2
hibiscous\Hibiscus5.jpeg (26).jpg,hibiscous,2
hibiscous\Hibiscus5.jpeg (27).jpg,hibiscous,2
hibiscous\Hibiscus5.jpeg (28).jpg,hibiscous,2
hibiscous\Hibiscus5.jpeg (29).jpg,hibiscous,2
hibiscous\Hibiscus5.jpeg (3).jpg,hibiscous,2
hibiscous\Hibiscus5.jpeg (30).jpg,hibiscous,2
hibiscous\Hibiscus5.jpeg (31).jpg,hibiscous,2
hibiscous\Hibiscus5.jpeg (32).jpg,hibiscous,2
hibiscous\Hibiscus5.jpeg (33).jpg,hibiscous,2
hibiscous\Hibiscus5.jpeg (34).jpg,hibiscous,2
hibiscous\Hibiscus5.jpeg (35).jpg,hibiscous,2
hibiscous\Hibiscus5.jpeg (36).jpg,hibiscous,2
hibiscous\Hibiscus5.jpeg (37).jpg,hibiscous,2
hibiscous\Hibiscus5.jpeg (38).jpg,hibiscous,2
hibiscous\Hibiscus5.jpeg (39).jpg,hibiscous,2
hibiscous\Hibiscus5.jpeg (4).jpg,hibiscous,2
hibiscous\Hibiscus5.jpeg (40).jpg,hibiscous,2
hibiscous\Hibiscus5.jpeg (41).jpg,hibiscous,2
hibiscous\Hibiscus5.jpeg (42).jpg,hibiscous,2
hibiscous\Hibiscus5.jpeg (43).jpg,hibiscous,2
hibiscous\Hibiscus5.jpeg (44).jpg,hibiscous,2
hibiscous\Hibiscus5.jpeg (46).jpg,hibiscous,2
hibiscous\Hibiscus5.jpeg (47).jpg,hibiscous,2
hibiscous\Hibiscus5.jpeg (48).jpg,hibiscous,2
hibiscous\Hibiscus5.jpeg (49).jpg,hibiscous,2
hibiscous\Hibiscus5.jpeg (5).jpg,hibiscous,2
hibiscous\Hibiscus5.jpeg (50).jpg,hibiscous,2
hibiscous\Hibiscus5.jpeg (51).jpg,hibiscous,2
hibiscous\Hibiscus5.jpeg (52).jpg,hibiscous,2
hibiscous\Hibiscus5.jpeg (53).jpg,hibiscous,2
hibiscous\Hibiscus5.jpeg (54).jpg,hibiscous,2
hibiscous\Hibiscus5.jpeg (55).jpg,hibiscous,2
hibiscous\Hibiscus5.jpeg (56).jpg,hibiscous,2
hibiscous\Hibiscus5.jpeg (57).jpg,hibiscous,2
hibiscous\Hibiscus5.jpeg (58).jpg,hibiscous,2
hibiscous\Hibiscus5.jpeg (59).jpg,hibiscous,2
hibiscous\Hibiscus5.jpeg (6).jpg,hibiscous,2
hibiscous\Hibiscus5.jpeg (60).jpg,hibiscous,2
hibiscous\Hibiscus5.jpeg (61).jpg,hibiscous,2
hibiscous\Hibiscus5.jpeg (62).jpg,hibiscous,2
hibiscous\Hibiscus5.jpeg (63).jpg,hibiscous,2
hibiscous\Hibiscus5.jpeg (7).jpg,hibiscous,2
hibiscous\Hibiscus5.jpeg (9).jpg,hibiscous,2
hibiscous\Hibiscus5.jpeg.1.jpg,hibiscous,2
hibiscous\Hibiscus5.jpeg.jpg,hibiscous,2
hibiscous\Hibiscus6.jpeg (1).jpg,hibiscous,2
hibiscous\Hibiscus6.jpeg (10).jpg,hibiscous,2
hibiscous\Hibiscus6.jpeg (11).jpg,hibiscous,2
hibiscous\Hibiscus6.jpeg (12).jpg,hibiscous,2
hibiscous\Hibiscus6.jpeg (13).jpg,hibiscous,2
hibiscous\Hibiscus6.jpeg (14).jpg,hibiscous,2
hibiscous\Hibiscus6.jpeg (15).jpg,hibiscous,2
hibiscous\Hibiscus6.jpeg (16).jpg,hibiscous,2
hibiscous\Hibiscus6.jpeg (17).jpg,hibiscous,2
hibiscous\Hibiscus6.jpeg (18).jpg,hibiscous,2
hibiscous\Hibiscus6.jpeg (19).jpg,hibiscous,2
hibiscous\Hibiscus6.jpeg (2).jpg,hibiscous,2
hibiscous\Hibiscus6.jpeg (20).jpg,hibiscous,2
hibiscous\Hibiscus6.jpeg (21).jpg,hibiscous,2
hibiscous\Hibiscus6.jpeg (22).jpg,hibiscous,2
hibiscous\Hibiscus6.jpeg (23).jpg,hibiscous,2
hibiscous\Hibiscus6.jpeg (24).jpg,hibiscous,2
hibiscous\Hibiscus6.jpeg (25).jpg,hibiscous,2
hibiscous\Hibiscus6.jpeg (29).jpg,hibiscous,2
hibiscous\Hibiscus6.jpeg (3).jpg,hibiscous,2
hibiscous\Hibiscus6.jpeg (31).jpg,hibiscous,2
hibiscous\Hibiscus6.jpeg (32).jpg,hibiscous,2
hibiscous\Hibiscus6.jpeg (33).jpg,hibiscous,2
hibiscous\Hibiscus6.jpeg (34).jpg,hibiscous,2
hibiscous\Hibiscus6.jpeg (38).jpg,hibiscous,2
hibiscous\Hibiscus6.jpeg (39).jpg,hibiscous,2
hibiscous\Hibiscus6.jpeg (4).jpg,hibiscous,2
hibiscous\Hibiscus6.jpeg (40).jpg,hibiscous,2
hibiscous\Hibiscus6.jpeg (41).jpg,hibiscous,2
hibiscous\Hibiscus6.jpeg (42).jpg,hibiscous,2
hibiscous\Hibiscus6.jpeg (43).jpg,hibiscous,2
hibiscous\Hibiscus6.jpeg (44).jpg,hibiscous,2
hibiscous\Hibiscus6.jpeg (45).jpg,hibiscous,2
hibiscous\Hibiscus6.jpeg (46).jpg,hibiscous,2
hibiscous\Hibiscus6.jpeg (5).jpg,hibiscous,2
hibiscous\Hibiscus6.jpeg (6).jpg,hibiscous,2
hibiscous\Hibiscus6.jpeg (7).jpg,hibiscous,2
hibiscous\Hibiscus6.jpeg (8).jpg,hibiscous,2
hibiscous\Hibiscus6.jpeg (9).jpg,hibiscous,2
hibiscous\Hibiscus6.jpeg.jpg,hibiscous,2
hibiscous\Hibiscus7.jpeg (1).1.jpg,hibiscous,2
hibiscous\Hibiscus7.jpeg (1).jpg,hibiscous,2
hibiscous\Hibiscus7.jpeg (10).jpg,hibiscous,2
hibiscous\Hibiscus7.jpeg (14).jpg,hibiscous,2
hibiscous\Hibiscus7.jpeg (15).jpg,hibiscous,2
hibiscous\Hibiscus7.jpeg (16).jpg,hibiscous,2
hibiscous\Hibiscus7.jpeg (17).jpg,hibiscous,2
hibiscous\Hibiscus7.jpeg (18).jpg,hibiscous,2
hibiscous\Hibiscus7.jpeg (19).jpg,hibiscous,2
hibiscous\Hibiscus7.jpeg (2).1.jpg,hibiscous,2
hibiscous\Hibiscus7.jpeg (2).jpg,hibiscous,2
hibiscous\Hibiscus7.jpeg (20).jpg,hibiscous,2
hibiscous\Hibiscus7.jpeg (21).jpg,hibiscous,2
hibiscous\Hibiscus7.jpeg (22).jpg,hibiscous,2
hibiscous\Hibiscus7.jpeg (23).jpg,hibiscous,2
hibiscous\Hibiscus7.jpeg (24).jpg,hibiscous,2
hibiscous\Hibiscus7.jpeg (25).jpg,hibiscous,2
hibiscous\Hibiscus7.jpeg (26).jpg,hibiscous,2
hibiscous\Hibiscus7.jpeg (27).jpg,hibiscous,2
hibiscous\Hibiscus7.jpeg (28).jpg,hibiscous,2
hibiscous\Hibiscus7.jpeg (29).jpg,hibiscous,2
hibiscous\Hibiscus7.jpeg (3).jpg,hibiscous,2
hibiscous\Hibiscus7.jpeg (30).jpg,hibiscous,2
hibiscous\Hibiscus7.jpeg (31).jpg,hibiscous,2
hibiscous\Hibiscus7.jpeg (32).jpg,hibiscous,2
hibiscous\Hibiscus7.jpeg (33).jpg,hibiscous,2
hibiscous\Hibiscus7.jpeg (34).jpg,hibiscous,2
hibiscous\Hibiscus7.jpeg (35).jpg,hibiscous,2
hibiscous\Hibiscus7.jpeg (36).jpg,hibiscous,2
hibiscous\Hibiscus7.jpeg (37).jpg,hibiscous,2
hibiscous\Hibiscus7.jpeg (38).jpg,hibiscous,2
hibiscous\Hibiscus7.jpeg (39).jpg,hibiscous,2
hibiscous\Hibiscus7.jpeg (4).jpg,hibiscous,2
hibiscous\Hibiscus7.jpeg (40).jpg,hibiscous,2
hibiscous\Hibiscus7.jpeg (41).jpg,hibiscous,2
hibiscous\Hibiscus7.jpeg (42).jpg,hibiscous,2
hibiscous\Hibiscus7.jpeg (43).jpg,hibiscous,2
hibiscous\Hibiscus7.jpeg (44).jpg,hibiscous,2
hibiscous\Hibiscus7.jpeg (45).jpg,hibiscous,2
hibiscous\Hibiscus7.jpeg (49).jpg,hibiscous,2
hibiscous\Hibiscus7.jpeg (5).jpg,hibiscous,2
hibiscous\Hibiscus7.jpeg (50).jpg,hibiscous,2
hibiscous\Hibiscus7.jpeg (51).jpg,hibiscous,2
hibiscous\Hibiscus7.jpeg (53).jpg,hibiscous,2
hibiscous\Hibiscus7.jpeg (54).jpg,hibiscous,2
hibiscous\Hibiscus7.jpeg (6).jpg,hibiscous,2
hibiscous\Hibiscus7.jpeg (7).jpg,hibiscous,2
hibiscous\Hibiscus7.jpeg (8).jpg,hibiscous,2
hibiscous\Hibiscus7.jpeg (9).jpg,hibiscous,2
hibiscous\Hibiscus7.jpeg.1.jpg,hibiscous,2
hibiscous\Hibiscus7.jpeg.jpg,hibiscous,2
hibiscous\images (1).jpg,hibiscous,2
hibiscous\images (10).jpg,hibiscous,2
hibiscous\images (11).jpg,hibiscous,2
hibiscous\images (12).jpg,hibiscous,2
hibiscous\images (13).jpg,hibiscous,2
hibiscous\images (14).jpg,hibiscous,2
hibiscous\images (15).jpg,hibiscous,2
hibiscous\images (16).jpg,hibiscous,2
hibiscous\images (17).jpg,hibiscous,2
hibiscous\images (18).jpg,hibiscous,2
hibiscous\images (19).jpg,hibiscous,2
hibiscous\images (2).jpg,hibiscous,2
hibiscous\images (20).jpg,hibiscous,2
hibiscous\images (21).jpg,hibiscous,2
hibiscous\images (22).jpg,hibiscous,2
hibiscous\images (23).jpg,hibiscous,2
hibiscous\images (24).jpg,hibiscous,2
hibiscous\images (25).jpg,hibiscous,2
hibiscous\images (26).jpg,hibiscous,2
hibiscous\images (27).jpg,hibiscous,2
hibiscous\images (28).jpg,hibiscous,2
hibiscous\images (29).jpg,hibiscous,2
hibiscous\images (3).jpg,hibiscous,2
hibiscous\images (30).jpg,hibiscous,2
hibiscous\images (31).jpg,hibiscous,2
hibiscous\images (33).jpg,hibiscous,2
hibiscous\images (35).jpg,hibiscous,2
hibiscous\images (36).jpg,hibiscous,2
hibiscous\images (37).jpg,hibiscous,2
hibiscous\images (4).jpg,hibiscous,2
hibiscous\images (5).jpg,hibiscous,2
hibiscous\images (6).jpg,hibiscous,2
hibiscous\images (7).jpg,hibiscous,2
hibiscous\images (8).jpg,hibiscous,2
hibiscous\images (9).jpg,hibiscous,2
hibiscous\images.jpg,hibiscous,2
hibiscous\photo-1622396727845-c15ef9ffb419.jpg,hibiscous,2
rose\1 (1).jpg,rose,3
rose\1 (10).jpg,rose,3
rose\1 (100).jpg,rose,3
rose\1 (101).jpg,rose,3
rose\1 (102).jpg,rose,3
rose\1 (103).jpg,rose,3
rose\1 (104).jpg,rose,3
rose\1 (105).jpg,rose,3
rose\1 (106).jpg,rose,3
rose\1 (107).jpg,rose,3
rose\1 (108).jpg,rose,3
rose\1 (109).jpg,rose,3
rose\1 (11).jpg,rose,3
rose\1 (110).jpg,rose,3
rose\1 (111).jpg,rose,3
rose\1 (112).jpg,rose,3
rose\1 (113).jpg,rose,3
rose\1 (114).jpg,rose,3
rose\1 (115).jpg,rose,3
rose\1 (116).jpg,rose,3
rose\1 (117).jpg,rose,3
rose\1 (118).jpg,rose,3
rose\1 (119).jpg,rose,3
rose\1 (12).jpg,rose,3
rose\1 (120).jpg,rose,3
rose\1 (121).jpg,rose,3
rose\1 (122).jpg,rose,3
rose\1 (123).jpg,rose,3
rose\1 (124).jpg,rose,3
rose\1 (125).jpg,rose,3
rose\1 (126).jpg,rose,3
rose\1 (127).jpg,rose,3
rose\1 (128).jpg,rose,3
rose\1 (129).jpg,rose,3
rose\1 (13).jpg,rose,3
rose\1 (130).jpg,rose,3
rose\1 (131).jpg,rose,3
rose\1 (132).jpg,rose,3
rose\1 (133).jpg,rose,3
rose\1 (134).jpg,rose,3
rose\1 (135).jpg,rose,3
rose\1 (136).jpg,rose,3
rose\1 (137).jpg,rose,3
rose\1 (138).jpg,rose,3
rose\1 (139).jpg,rose,3
rose\1 (14).jpg,rose,3
rose\1 (140).jpg,rose,3
rose\1 (141).jpg,rose,3
rose\1 (142).jpg,rose,3
rose\1 (143).jpg,rose,3
rose\1 (144).jpg,rose,3
rose\1 (145).jpg,rose,3
rose\1 (146).jpg,rose,3
rose\1 (147).jpg,rose,3
rose\1 (148).jpg,rose,3
rose\1 (149).jpg,rose,3
rose\1 (15).jpg,rose,3
rose\1 (150).jpg,rose,3
rose\1 (151).jpg,rose,3
rose\1 (152).jpg,rose,3
rose\1 (153).jpg,rose,3
rose\1 (154).jpg,rose,3
rose\1 (155).jpg,rose,3
rose\1 (156).jpg,rose,3
rose\1 (157).jpg,rose,3
rose\1 (158).jpg,rose,3
rose\1 (159).jpg,rose,3
rose\1 (16).jpg,rose,3
rose\1 (160).jpg,rose,3
rose\1 (161).jpg,rose,3
rose\1 (162).jpg,rose,3
rose\1 (163).jpg,rose,3
rose\1 (164).jpg,rose,3
rose\1 (165).jpg,rose,3
rose\1 (166).jpg,rose,3
rose\1 (167).jpg,rose,3
rose\1 (168).jpg,rose,3
rose\1 (169).jpg,rose,3
rose\1 (17).jpg,rose,3
rose\1 (170).jpg,rose,3
rose\1 (171).jpg,rose,3
rose\1 (172).jpg,rose,3
rose\1 (173).jpg,rose,3
rose\1 (174).jpg,rose,3
rose\1 (175).jpg,rose,3
rose\1 (176).jpg,rose,3
rose\1 (177).jpg,rose,3
rose\1 (178).jpg,rose,3
rose\1 (179).jpg,rose,3
rose\1 (18).jpg,rose,3
rose\1 (180).jpg,rose,3
rose\1 (181).jpg,rose,3
rose\1 (182).jpg,rose,3
rose\1 (183).jpg,rose,3
rose\1 (184).jpg,rose,3
rose\1 (185).jpg,rose,3
rose\1 (186).jpg,rose,3
rose\1 (187).jpg,rose,3
rose\1 (188).jpg,rose,3
rose\1 (189).jpg,rose,3
rose\1 (19).jpg,rose,3
rose\1 (190).jpg,rose,3
rose\1 (191).jpg,rose,3
rose\1 (192).jpg,rose,3
rose\1 (193).jpg,rose,3
rose\1 (194).jpg,rose,3
rose\1 (195).jpg,rose,3
rose\1 (196).jpg,rose,3
rose\1 (197).jpg,rose,3
rose\1 (198).jpg,rose,3
rose\1 (199).jpg,rose,3
rose\1 (2).jpg,rose,3
rose\1 (20).jpg,rose,3
rose\1 (200).jpg,rose,3
rose\1 (201).jpg,rose,3
rose\1 (202).jpg,rose,3
rose\1 (203).jpg,rose,3
rose\1 (204).jpg,rose,3
rose\1 (205).jpg,rose,3
rose\1 (206).jpg,rose,3
rose\1 (207).jpg,rose,3
rose\1 (208).jpg,rose,3
rose\1 (209).jpg,rose,3
rose\1 (21).jpg,rose,3
rose\1 (210).jpg,rose,3
rose\1 (211).jpg,rose,3
rose\1 (212).jpg,rose,3
rose\1 (213).jpg,rose,3
rose\1 (214).jpg,rose,3
rose\1 (215).jpg,rose,3
rose\1 (216).jpg,rose,3
rose\1 (217).jpg,rose,3
rose\1 (218).jpg,rose,3
rose\1 (219).jpg,rose,3
rose\1 (22).jpg,rose,3
rose\1 (220).jpg,rose,3
rose\1 (221).jpg,rose,3
rose\1 (222).jpg,rose,3
rose\1 (223).jpg,rose,3
rose\1 (224).jpg,rose,3
rose\1 (225).jpg,rose,3
rose\1 (226).jpg,rose,3
rose\1 (227).jpg,rose,3
rose\1 (228).jpg,rose,3
rose\1 (229).jpg,rose,3
rose\1 (23).jpg,rose,3
rose\1 (230).jpg,rose,3
rose\1 (231).jpg,rose,3
rose\1 (232).jpg,rose,3
rose\1 (233).jpg,rose,3
rose\1 (234).jpg,rose,3
rose\1 (235).jpg,rose,3
rose\1 (236).jpg,rose,3
rose\1 (237).jpg,rose,3
rose\1 (238).jpg,rose,3
rose\1 (239).jpg,rose,3
rose\1 (24).jpg,rose,3
rose\1 (240).jpg,rose,3
rose\1 (241).jpg,rose,3
rose\1 (242).jpg,rose,3
rose\1 (243).jpg,rose,3
rose\1 (244).jpg,rose,3
rose\1 (245).jpg,rose,3
rose\1 (246).jpg,rose,3
rose\1 (247).jpg,rose,3
rose\1 (248).jpg,rose,3
rose\1 (249).jpg,rose,3
rose\1 (25).jpg,rose,3
rose\1 (250).jpg,rose,3
rose\1 (251).jpg,rose,3
rose\1 (252).jpg,rose,3
rose\1 (253).jpg,rose,3
rose\1 (254).jpg,rose,3
rose\1 (255).jpg,rose,3
rose\1 (256).jpg,rose,3
rose\1 (257).jpg,rose,3
rose\1 (258).jpg,rose,3
rose\1 (259).jpg,rose,3
rose\1 (26).jpg,rose,3
rose\1 (260).jpg,rose,3
rose\1 (261).jpg,rose,3
rose\1 (262).jpg,rose,3
rose\1 (263).jpg,rose,3
rose\1 (264).jpg,rose,3
rose\1 (265).jpg,rose,3
rose\1 (266).jpg,rose,3
rose\1 (267).jpg,rose,3
rose\1 (268).jpg,rose,3
rose\1 (269).jpg,rose,3
rose\1 (27).jpg,rose,3
rose\1 (270).jpg,rose,3
rose\1 (271).jpg,rose,3
rose\1 (272).jpg,rose,3
rose\1 (273).jpg,rose,3
rose\1 (274).jpg,rose,3
rose\1 (275).jpg,rose,3
rose\1 (276).jpg,rose,3
rose\1 (277).jpg,rose,3
rose\1 (278).jpg,rose,3
rose\1 (279).jpg,rose,3
rose\1 (28).jpg,rose,3
rose\1 (280).jpg,rose,3
rose\1 (281).jpg,rose,3
rose\1 (282).jpg,rose,3
rose\1 (283).jpg,rose,3
rose\1 (284).jpg,rose,3
rose\1 (285).jpg,rose,3
rose\1 (286).jpg,rose,3
rose\1 (287).jpg,rose,3
rose\1 (288).jpg,rose,3
rose\1 (289).jpg,rose,3
rose\1 (29).jpg,rose,3
rose\1 (290).jpg,rose,3
rose\1 (291).jpg,rose,3
rose\1 (292).jpg,rose,3
rose\1 (293).jpg,rose,3
rose\1 (294).jpg,rose,3
rose\1 (295).jpg,rose,3
rose\1 (296).jpg,rose,3
rose\1 (297).jpg,rose,3
rose\1 (298).jpg,rose,3
rose\1 (299).jpg,rose,3
rose\1 (3).jpg,rose,3
rose\1 (30).jpg,rose,3
rose\1 (300).jpg,rose,3
rose\1 (301).jpg,rose,3
rose\1 (302).jpg,rose,3
rose\1 (303).jpg,rose,3
rose\1 (304).jpg,rose,3
rose\1 (305).jpg,rose,3
rose\1 (306).jpg,rose,3
rose\1 (307).jpg,rose,3
rose\1 (308).jpg,rose,3
rose\1 (309).jpg,rose,3
rose\1 (31).jpg,rose,3
rose\1 (310).jpg,rose,3
rose\1 (311).jpg,rose,3
rose\1 (312).jpg,rose,3
rose\1 (313).jpg,rose,3
rose\1 (314).jpg,rose,3
rose\1 (315).jpg,rose,3
rose\1 (316).jpg,rose,3
rose\1 (317).jpg,rose,3
rose\1 (318).jpg,rose,3
rose\1 (319).jpg,rose,3
rose\1 (32).jpg,rose,3
rose\1 (320).jpg,rose,3
rose\1 (321).jpg,rose,3
rose\1 (322).jpg,rose,3
rose\1 (323).jpg,rose,3
rose\1 (324).jpg,rose,3
rose\1 (325).jpg,rose,3
rose\1 (326).jpg,rose,3
rose\1 (327).jpg,rose,3
rose\1 (328).jpg,rose,3
rose\1 (329).jpg,rose,3
rose\1 (33).jpg,rose,3
rose\1 (330).jpg,rose,3
rose\1 (331).jpg,rose,3
rose\1 (332).jpg,rose,3
rose\1 (333).jpg,rose,3
rose\1 (334).jpg,rose,3
rose\1 (335).jpg,rose,3
rose\1 (336).jpg,rose,3
rose\1 (337).jpg,rose,3
rose\1 (338).jpg,rose,3
rose\1 (339).jpg,rose,3
rose\1 (34).jpg,rose,3
rose\1 (340).jpg,rose,3
rose\1 (341).jpg,rose,3
rose\1 (342).jpg,rose,3
rose\1 (343).jpg,rose,3
rose\1 (344).jpg,rose,3
rose\1 (345).jpg,rose,3
rose\1 (346).jpg,rose,3
rose\1 (347).jpg,rose,3
rose\1 (348).jpg,rose,3
rose\1 (349).jpg,rose,3
rose\1 (35).jpg,rose,3
rose\1 (350).jpg,rose,3
rose\1 (351).jpg,rose,3
rose\1 (352).jpg,rose,3
rose\1 (353).jpg,rose,3
rose\1 (354).jpg,rose,3
rose\1 (355).jpg,rose,3
rose\1 (36).jpg,rose,3
rose\1 (37).jpg,rose,3
rose\1 (38).jpg,rose,3
rose\1 (39).jpg,rose,3
rose\1 (4).jpg,rose,3
rose\1 (40).jpg,rose,3
rose\1 (41).jpg,rose,3
rose\1 (42).jpg,rose,3
rose\1 (43).jpg,rose,3
rose\1 (44).jpg,rose,3
rose\1 (45).jpg,rose,3
rose\1 (46).jpg,rose,3
rose\1 (47).jpg,rose,3
rose\1 (48).jpg,rose,3
rose\1 (49).jpg,rose,3
rose\1 (5).jpg,rose,3
rose\1 (50).jpg,rose,3
rose\1 (51).jpg,rose,3
rose\1 (52).jpg,rose,3
rose\1 (53).jpg,rose,3
rose\1 (54).jpg,rose,3
rose\1 (55).jpg,rose,3
rose\1 (56).jpg,rose,3
rose\1 (57).jpg,rose,3
rose\1 (58).jpg,rose,3
rose\1 (59).jpg,rose,3
rose\1 (6).jpg,rose,3
rose\1 (60).jpg,rose,3
rose\1 (61).jpg,rose,3
rose\1 (62).jpg,rose,3
rose\1 (63).jpg,rose,3
rose\1 (64).jpg,rose,3
rose\1 (65).jpg,rose,3
rose\1 (66).jpg,rose,3
rose\1 (67).jpg,rose,3
rose\1 (68).jpg,rose,3
rose\1 (69).jpg,rose,3
rose\1 (7).jpg,rose,3
rose\1 (70).jpg,rose,3
rose\1 (71).jpg,rose,3
rose\1 (72).jpg,rose,3
rose\1 (73).jpg,rose,3
rose\1 (74).jpg,rose,3
rose\1 (75).jpg,rose,3
rose\1 (76).jpg,rose,3
rose\1 (77).jpg,rose,3
rose\1 (78).jpg,rose,3
rose\1 (79).jpg,rose,3
rose\1 (8).jpg,rose,3
rose\1 (80).jpg,rose,3
rose\1 (81).jpg,rose,3
rose\1 (82).jpg,rose,3
rose\1 (83).jpg,rose,3
rose\1 (84).jpg,rose,3
rose\1 (85).jpg,rose,3
rose\1 (86).jpg,rose,3
rose\1 (87).jpg,rose,3
rose\1 (88).jpg,rose,3
rose\1 (89).jpg,rose,3
rose\1 (9).jpg,rose,3
rose\1 (90).jpg,rose,3
rose\1 (91).jpg,rose,3
rose\1 (92).jpg,rose,3
rose\1 (93).jpg,rose,3
rose\1 (94).jpg,rose,3
rose\1 (95).jpg,rose,3
rose\1 (96).jpg,rose,3
rose\1 (97).jpg,rose,3
rose\1 (98).jpg,rose,3
rose\1 (99).jpg,rose,3
sugarcane\1b30bf2f17fe476f709a10722a068d87.jpg,sugarcane,4
sugarcane\1_brgt6gPYKhf3aGHjWjTnNg.png,sugarcane,4
sugarcane\2019062257-olw919mwwbepbrxmxqwxpmsh3btlyk1bi7p0si6g92.jpg,sugarcane,4
sugarcane\32495155-saccharum-sinense-ganzhe.jpg,sugarcane,4
sugarcane\49928765-sugarcane-plants-in-growth-at-field.jpg,sugarcane,4
sugarcane\500_F_62487941_sbKeUgDYHhoxnu9C8CtkeBVmjpgvzW6h.jpg,sugarcane,4
sugarcane\585f9eb3f06a96e2f5f2fa8192f86aac.jpg,sugarcane,4
sugarcane\61AquEQ69eL._AC_.jpg,sugarcane,4
sugarcane\a18d7880496203580bfb47f1bc06cb09.jpg,sugarcane,4
sugarcane\depositphotos_166852420-stock-photo-sugarcane-plant-the-source-of.jpg,sugarcane,4
sugarcane\F1.large.jpg,sugarcane,4
sugarcane\fast-fact-sugarcane-1.jpg,sugarcane,4
sugarcane\images-crop-sugarcane-250x250.jpg,sugarcane,4
sugarcane\IndiaTv77fe1c_sugarcane.jpg,sugarcane,4
sugarcane\main-qimg-1c39337ce45e4a680fedb8f239d14649-c.jpg,sugarcane,4
sugarcane\s-l400.jpg,sugarcane,4
sugarcane\sugar-cane-6206473205.jpg,sugarcane,4
sugarcane\sugar-cane-810x524.jpg,sugarcane,4
sugarcane\sugar-cane-garden-consumption_60359-300.jpg,sugarcane,4
sugarcane\sugar-cane-plant-stock-photograph__k14676056.jpg,sugarcane,4
sugarcane\sugar-cane.jpg,sugarcane,4
sugarcane\Sugarcane-1459946278_835x547.jpg,sugarcane,4
sugarcane\sugarcane-plant-nature_1428-904.jpg,sugarcane,4
sugarcane\sugarcane.jpg,sugarcane,4
sugarcane\SugarcaneinUganda.jpg,sugarcane,4
sugarcane\SugarCane_Lead.jpg,sugarcane,4
sugarcane\sugarcrops_sugarcane_clip_image006_0002.jpg,sugarcane,4
sugarcane\unnamed.jpg,sugarcane,4
